id	label	description	alias	Pisa
QIEM_org_1	'Liam'@en	'Organization 1'@en	'org_1'@en	Qperson_organization
QIEM_org_2	'Olivia'@en	'Organization 2'@en	'org_2'@en	Qperson_organization
QIEM_org_3	'Noah M'@en	'Organization 3'@en	'org_3'@en	Qperson_organization
QIEM_org_4	'Emma'@en	'Organization 4'@en	'org_4'@en	Qperson_organization
QIEM_org_5	'Oliver'@en	'Organization 5'@en	'org_5'@en	Qperson_organization
QIEM_org_6	'Ava'@en	'Organization 6'@en	'org_6'@en	Qperson_organization
QIEM_org_7	'Elijah'@en	'Organization 7'@en	'org_7'@en	Qperson_organization
QIEM_org_8	'Charlotte'@en	'Organization 8'@en	'org_8'@en	Qperson_organization
QIEM_org_9	'William'@en	'Organization 9'@en	'org_9'@en	Qperson_organization
QIEM_org_10	'Sophia'@en	'Organization 10'@en	'org_10'@en	Qperson_organization
QIEM_org_11	'James'@en	'Organization 11'@en	'org_11'@en	Qperson_organization
QIEM_org_12	'Amelia'@en	'Organization 12'@en	'org_12'@en	Qperson_organization
QIEM_org_13	'Benjamin'@en	'Organization 13'@en	'org_13'@en	Qperson_organization
QIEM_org_14	'Isabella'@en	'Organization 14'@en	'org_14'@en	Qperson_organization
QIEM_org_15	'Lucas'@en	'Organization 15'@en	'org_15'@en	Qperson_organization
QIEM_org_16	'Mia'@en	'Organization 16'@en	'org_16'@en	Qperson_organization
QIEM_org_17	'Henry'@en	'Organization 17'@en	'org_17'@en	Qperson_organization
QIEM_org_18	'Evelyn'@en	'Organization 18'@en	'org_18'@en	Qperson_organization
QIEM_org_19	'Alexander'@en	'Organization 19'@en	'org_19'@en	Qperson_organization
QIEM_org_20	'Harper'@en	'Organization 20'@en	'org_20'@en	Qperson_organization
QIEM_org_21	'Mason'@en	'Organization 21'@en	'org_21'@en	Qperson_organization
QIEM_org_22	'Camila'@en	'Organization 22'@en	'org_22'@en	Qperson_organization
QIEM_org_23	'Michael'@en	'Organization 23'@en	'org_23'@en	Qperson_organization
QIEM_org_24	'Gianna'@en	'Organization 24'@en	'org_24'@en	Qperson_organization
QIEM_org_25	'Ethan'@en	'Organization 25'@en	'org_25'@en	Qperson_organization
QIEM_org_26	'Abigail'@en	'Organization 26'@en	'org_26'@en	Qperson_organization
QIEM_org_27	'Daniel'@en	'Organization 27'@en	'org_27'@en	Qperson_organization
QIEM_org_28	'Luna'@en	'Organization 28'@en	'org_28'@en	Qperson_organization
QIEM_org_29	'Jacob'@en	'Organization 29'@en	'org_29'@en	Qperson_organization
QIEM_org_30	'Ella'@en	'Organization 30'@en	'org_30'@en	Qperson_organization
QIEM_org_31	'Logan M'@en	'Organization 31'@en	'org_31'@en	Qperson_organization
QIEM_org_32	'Elizabeth'@en	'Organization 32'@en	'org_32'@en	Qperson_organization
QIEM_org_33	'Jackson'@en	'Organization 33'@en	'org_33'@en	Qperson_organization
QIEM_org_34	'Sofia'@en	'Organization 34'@en	'org_34'@en	Qperson_organization
QIEM_org_35	'Levi'@en	'Organization 35'@en	'org_35'@en	Qperson_organization
QIEM_org_36	'Emily'@en	'Organization 36'@en	'org_36'@en	Qperson_organization
QIEM_org_37	'Sebastian'@en	'Organization 37'@en	'org_37'@en	Qperson_organization
QIEM_org_38	'Avery F'@en	'Organization 38'@en	'org_38'@en	Qperson_organization
QIEM_org_39	'Mateo'@en	'Organization 39'@en	'org_39'@en	Qperson_organization
QIEM_org_40	'Mila'@en	'Organization 40'@en	'org_40'@en	Qperson_organization
QIEM_org_41	'Jack'@en	'Organization 41'@en	'org_41'@en	Qperson_organization
QIEM_org_42	'Scarlett'@en	'Organization 42'@en	'org_42'@en	Qperson_organization
QIEM_org_43	'Owen'@en	'Organization 43'@en	'org_43'@en	Qperson_organization
QIEM_org_44	'Eleanor'@en	'Organization 44'@en	'org_44'@en	Qperson_organization
QIEM_org_45	'Theodore'@en	'Organization 45'@en	'org_45'@en	Qperson_organization
QIEM_org_46	'Madison'@en	'Organization 46'@en	'org_46'@en	Qperson_organization
QIEM_org_47	'Aiden'@en	'Organization 47'@en	'org_47'@en	Qperson_organization
QIEM_org_48	'Layla'@en	'Organization 48'@en	'org_48'@en	Qperson_organization
QIEM_org_49	'Samuel'@en	'Organization 49'@en	'org_49'@en	Qperson_organization
QIEM_org_50	'Penelope'@en	'Organization 50'@en	'org_50'@en	Qperson_organization
QIEM_org_51	'Joseph'@en	'Organization 51'@en	'org_51'@en	Qperson_organization
QIEM_org_52	'Aria'@en	'Organization 52'@en	'org_52'@en	Qperson_organization
QIEM_org_53	'John'@en	'Organization 53'@en	'org_53'@en	Qperson_organization
QIEM_org_54	'Chloe'@en	'Organization 54'@en	'org_54'@en	Qperson_organization
QIEM_org_55	'David'@en	'Organization 55'@en	'org_55'@en	Qperson_organization
QIEM_org_56	'Grace'@en	'Organization 56'@en	'org_56'@en	Qperson_organization
QIEM_org_57	'Wyatt'@en	'Organization 57'@en	'org_57'@en	Qperson_organization
QIEM_org_58	'Ellie'@en	'Organization 58'@en	'org_58'@en	Qperson_organization
QIEM_org_59	'Matthew'@en	'Organization 59'@en	'org_59'@en	Qperson_organization
QIEM_org_60	'Nora'@en	'Organization 60'@en	'org_60'@en	Qperson_organization
QIEM_org_61	'Luke'@en	'Organization 61'@en	'org_61'@en	Qperson_organization
QIEM_org_62	'Hazel'@en	'Organization 62'@en	'org_62'@en	Qperson_organization
QIEM_org_63	'Asher'@en	'Organization 63'@en	'org_63'@en	Qperson_organization
QIEM_org_64	'Zoey'@en	'Organization 64'@en	'org_64'@en	Qperson_organization
QIEM_org_65	'Carter M'@en	'Organization 65'@en	'org_65'@en	Qperson_organization
QIEM_org_66	'Riley F'@en	'Organization 66'@en	'org_66'@en	Qperson_organization
QIEM_org_67	'Julian'@en	'Organization 67'@en	'org_67'@en	Qperson_organization
QIEM_org_68	'Victoria'@en	'Organization 68'@en	'org_68'@en	Qperson_organization
QIEM_org_69	'Grayson'@en	'Organization 69'@en	'org_69'@en	Qperson_organization
QIEM_org_70	'Lily'@en	'Organization 70'@en	'org_70'@en	Qperson_organization
QIEM_org_71	'Leo'@en	'Organization 71'@en	'org_71'@en	Qperson_organization
QIEM_org_72	'Aurora'@en	'Organization 72'@en	'org_72'@en	Qperson_organization
QIEM_org_73	'Jayden'@en	'Organization 73'@en	'org_73'@en	Qperson_organization
QIEM_org_74	'Violet'@en	'Organization 74'@en	'org_74'@en	Qperson_organization
QIEM_org_75	'Gabriel'@en	'Organization 75'@en	'org_75'@en	Qperson_organization
QIEM_org_76	'Nova F'@en	'Organization 76'@en	'org_76'@en	Qperson_organization
QIEM_org_77	'Isaac'@en	'Organization 77'@en	'org_77'@en	Qperson_organization
QIEM_org_78	'Hannah'@en	'Organization 78'@en	'org_78'@en	Qperson_organization
QIEM_org_79	'Lincoln'@en	'Organization 79'@en	'org_79'@en	Qperson_organization
QIEM_org_80	'Emilia'@en	'Organization 80'@en	'org_80'@en	Qperson_organization
QIEM_org_81	'Anthony'@en	'Organization 81'@en	'org_81'@en	Qperson_organization
QIEM_org_82	'Zoe'@en	'Organization 82'@en	'org_82'@en	Qperson_organization
QIEM_org_83	'Hudson'@en	'Organization 83'@en	'org_83'@en	Qperson_organization
QIEM_org_84	'Stella'@en	'Organization 84'@en	'org_84'@en	Qperson_organization
QIEM_org_85	'Dylan M'@en	'Organization 85'@en	'org_85'@en	Qperson_organization
QIEM_org_86	'Everly'@en	'Organization 86'@en	'org_86'@en	Qperson_organization
QIEM_org_87	'Ezra M'@en	'Organization 87'@en	'org_87'@en	Qperson_organization
QIEM_org_88	'Isla'@en	'Organization 88'@en	'org_88'@en	Qperson_organization
QIEM_org_89	'Thomas'@en	'Organization 89'@en	'org_89'@en	Qperson_organization
QIEM_org_90	'Leah'@en	'Organization 90'@en	'org_90'@en	Qperson_organization
QIEM_org_91	'Charles'@en	'Organization 91'@en	'org_91'@en	Qperson_organization
QIEM_org_92	'Lillian'@en	'Organization 92'@en	'org_92'@en	Qperson_organization
QIEM_org_93	'Christopher'@en	'Organization 93'@en	'org_93'@en	Qperson_organization
QIEM_org_94	'Addison'@en	'Organization 94'@en	'org_94'@en	Qperson_organization
QIEM_org_95	'Jaxon'@en	'Organization 95'@en	'org_95'@en	Qperson_organization
QIEM_org_96	'Willow'@en	'Organization 96'@en	'org_96'@en	Qperson_organization
QIEM_org_97	'Maverick'@en	'Organization 97'@en	'org_97'@en	Qperson_organization
QIEM_org_98	'Lucy'@en	'Organization 98'@en	'org_98'@en	Qperson_organization
QIEM_org_99	'Josiah'@en	'Organization 99'@en	'org_99'@en	Qperson_organization
QIEM_org_100	'Paisley'@en	'Organization 100'@en	'org_100'@en	Qperson_organization
QIEM_org_101	'Isaiah'@en	'Organization 101'@en	'org_101'@en	Qperson_organization
QIEM_org_102	'Natalie'@en	'Organization 102'@en	'org_102'@en	Qperson_organization
QIEM_org_103	'Andrew'@en	'Organization 103'@en	'org_103'@en	Qperson_organization
QIEM_org_104	'Naomi'@en	'Organization 104'@en	'org_104'@en	Qperson_organization
QIEM_org_105	'Elias'@en	'Organization 105'@en	'org_105'@en	Qperson_organization
QIEM_org_106	'Eliana'@en	'Organization 106'@en	'org_106'@en	Qperson_organization
QIEM_org_107	'Joshua'@en	'Organization 107'@en	'org_107'@en	Qperson_organization
QIEM_org_108	'Brooklyn'@en	'Organization 108'@en	'org_108'@en	Qperson_organization
QIEM_org_109	'Nathan'@en	'Organization 109'@en	'org_109'@en	Qperson_organization
QIEM_org_110	'Elena'@en	'Organization 110'@en	'org_110'@en	Qperson_organization
QIEM_org_111	'Caleb'@en	'Organization 111'@en	'org_111'@en	Qperson_organization
QIEM_org_112	'Aubrey'@en	'Organization 112'@en	'org_112'@en	Qperson_organization
QIEM_org_113	'Ryan M'@en	'Organization 113'@en	'org_113'@en	Qperson_organization
QIEM_org_114	'Claire'@en	'Organization 114'@en	'org_114'@en	Qperson_organization
QIEM_org_115	'Adrian'@en	'Organization 115'@en	'org_115'@en	Qperson_organization
QIEM_org_116	'Ivy'@en	'Organization 116'@en	'org_116'@en	Qperson_organization
QIEM_org_117	'Miles'@en	'Organization 117'@en	'org_117'@en	Qperson_organization
QIEM_org_118	'Kinsley'@en	'Organization 118'@en	'org_118'@en	Qperson_organization
QIEM_org_119	'Eli'@en	'Organization 119'@en	'org_119'@en	Qperson_organization
QIEM_org_120	'Audrey'@en	'Organization 120'@en	'org_120'@en	Qperson_organization
QIEM_org_121	'Nolan'@en	'Organization 121'@en	'org_121'@en	Qperson_organization
QIEM_org_122	'Maya'@en	'Organization 122'@en	'org_122'@en	Qperson_organization
QIEM_org_123	'Christian'@en	'Organization 123'@en	'org_123'@en	Qperson_organization
QIEM_org_124	'Genesis F'@en	'Organization 124'@en	'org_124'@en	Qperson_organization
QIEM_org_125	'Aaron'@en	'Organization 125'@en	'org_125'@en	Qperson_organization
QIEM_org_126	'Skylar'@en	'Organization 126'@en	'org_126'@en	Qperson_organization
QIEM_org_127	'Cameron M'@en	'Organization 127'@en	'org_127'@en	Qperson_organization
QIEM_org_128	'Bella'@en	'Organization 128'@en	'org_128'@en	Qperson_organization
QIEM_org_129	'Ezekiel'@en	'Organization 129'@en	'org_129'@en	Qperson_organization
QIEM_org_130	'Aaliyah'@en	'Organization 130'@en	'org_130'@en	Qperson_organization
QIEM_org_131	'Colton'@en	'Organization 131'@en	'org_131'@en	Qperson_organization
QIEM_org_132	'Madelyn'@en	'Organization 132'@en	'org_132'@en	Qperson_organization
QIEM_org_133	'Luca'@en	'Organization 133'@en	'org_133'@en	Qperson_organization
QIEM_org_134	'Savannah'@en	'Organization 134'@en	'org_134'@en	Qperson_organization
QIEM_org_135	'Landon'@en	'Organization 135'@en	'org_135'@en	Qperson_organization
QIEM_org_136	'Anna'@en	'Organization 136'@en	'org_136'@en	Qperson_organization
QIEM_org_137	'Hunter M'@en	'Organization 137'@en	'org_137'@en	Qperson_organization
QIEM_org_138	'Delilah'@en	'Organization 138'@en	'org_138'@en	Qperson_organization
QIEM_org_139	'Jonathan'@en	'Organization 139'@en	'org_139'@en	Qperson_organization
QIEM_org_140	'Serenity'@en	'Organization 140'@en	'org_140'@en	Qperson_organization
QIEM_org_141	'Santiago'@en	'Organization 141'@en	'org_141'@en	Qperson_organization
QIEM_org_142	'Caroline'@en	'Organization 142'@en	'org_142'@en	Qperson_organization
QIEM_org_143	'Axel'@en	'Organization 143'@en	'org_143'@en	Qperson_organization
QIEM_org_144	'Kennedy'@en	'Organization 144'@en	'org_144'@en	Qperson_organization
QIEM_org_145	'Easton'@en	'Organization 145'@en	'org_145'@en	Qperson_organization
QIEM_org_146	'Valentina'@en	'Organization 146'@en	'org_146'@en	Qperson_organization
QIEM_org_147	'Cooper'@en	'Organization 147'@en	'org_147'@en	Qperson_organization
QIEM_org_148	'Ruby'@en	'Organization 148'@en	'org_148'@en	Qperson_organization
QIEM_org_149	'Jeremiah'@en	'Organization 149'@en	'org_149'@en	Qperson_organization
QIEM_org_150	'Sophie'@en	'Organization 150'@en	'org_150'@en	Qperson_organization
QIEM_org_151	'Angel M'@en	'Organization 151'@en	'org_151'@en	Qperson_organization
QIEM_org_152	'Alice'@en	'Organization 152'@en	'org_152'@en	Qperson_organization
QIEM_org_153	'Roman'@en	'Organization 153'@en	'org_153'@en	Qperson_organization
QIEM_org_154	'Gabriella'@en	'Organization 154'@en	'org_154'@en	Qperson_organization
QIEM_org_155	'Connor'@en	'Organization 155'@en	'org_155'@en	Qperson_organization
QIEM_org_156	'Sadie'@en	'Organization 156'@en	'org_156'@en	Qperson_organization
QIEM_org_157	'Jameson'@en	'Organization 157'@en	'org_157'@en	Qperson_organization
QIEM_org_158	'Ariana'@en	'Organization 158'@en	'org_158'@en	Qperson_organization
QIEM_org_159	'Robert'@en	'Organization 159'@en	'org_159'@en	Qperson_organization
QIEM_org_160	'Allison'@en	'Organization 160'@en	'org_160'@en	Qperson_organization
QIEM_org_161	'Greyson'@en	'Organization 161'@en	'org_161'@en	Qperson_organization
QIEM_org_162	'Hailey'@en	'Organization 162'@en	'org_162'@en	Qperson_organization
QIEM_org_163	'Jordan M'@en	'Organization 163'@en	'org_163'@en	Qperson_organization
QIEM_org_164	'Autumn'@en	'Organization 164'@en	'org_164'@en	Qperson_organization
QIEM_org_165	'Ian'@en	'Organization 165'@en	'org_165'@en	Qperson_organization
QIEM_org_166	'Nevaeh'@en	'Organization 166'@en	'org_166'@en	Qperson_organization
QIEM_org_167	'Carson'@en	'Organization 167'@en	'org_167'@en	Qperson_organization
QIEM_org_168	'Natalia'@en	'Organization 168'@en	'org_168'@en	Qperson_organization
QIEM_org_169	'Jaxson'@en	'Organization 169'@en	'org_169'@en	Qperson_organization
QIEM_org_170	'Quinn F'@en	'Organization 170'@en	'org_170'@en	Qperson_organization
QIEM_org_171	'Leonardo'@en	'Organization 171'@en	'org_171'@en	Qperson_organization
QIEM_org_172	'Josephine'@en	'Organization 172'@en	'org_172'@en	Qperson_organization
QIEM_org_173	'Nicholas'@en	'Organization 173'@en	'org_173'@en	Qperson_organization
QIEM_org_174	'Sarah'@en	'Organization 174'@en	'org_174'@en	Qperson_organization
QIEM_org_175	'Dominic'@en	'Organization 175'@en	'org_175'@en	Qperson_organization
QIEM_org_176	'Cora'@en	'Organization 176'@en	'org_176'@en	Qperson_organization
QIEM_org_177	'Austin'@en	'Organization 177'@en	'org_177'@en	Qperson_organization
QIEM_org_178	'Emery F'@en	'Organization 178'@en	'org_178'@en	Qperson_organization
QIEM_org_179	'Everett'@en	'Organization 179'@en	'org_179'@en	Qperson_organization
QIEM_org_180	'Samantha'@en	'Organization 180'@en	'org_180'@en	Qperson_organization
QIEM_org_181	'Brooks'@en	'Organization 181'@en	'org_181'@en	Qperson_organization
QIEM_org_182	'Piper'@en	'Organization 182'@en	'org_182'@en	Qperson_organization
QIEM_org_183	'Xavier'@en	'Organization 183'@en	'org_183'@en	Qperson_organization
QIEM_org_184	'Leilani'@en	'Organization 184'@en	'org_184'@en	Qperson_organization
QIEM_org_185	'Kai M'@en	'Organization 185'@en	'org_185'@en	Qperson_organization
QIEM_org_186	'Eva'@en	'Organization 186'@en	'org_186'@en	Qperson_organization
QIEM_org_187	'Jose'@en	'Organization 187'@en	'org_187'@en	Qperson_organization
QIEM_org_188	'Everleigh'@en	'Organization 188'@en	'org_188'@en	Qperson_organization
QIEM_org_189	'Parker M'@en	'Organization 189'@en	'org_189'@en	Qperson_organization
QIEM_org_190	'Madeline'@en	'Organization 190'@en	'org_190'@en	Qperson_organization
QIEM_org_191	'Adam'@en	'Organization 191'@en	'org_191'@en	Qperson_organization
QIEM_org_192	'Lydia'@en	'Organization 192'@en	'org_192'@en	Qperson_organization
QIEM_org_193	'Jace'@en	'Organization 193'@en	'org_193'@en	Qperson_organization
QIEM_org_194	'Jade'@en	'Organization 194'@en	'org_194'@en	Qperson_organization
QIEM_org_195	'Wesley'@en	'Organization 195'@en	'org_195'@en	Qperson_organization
QIEM_org_196	'Peyton'@en	'Organization 196'@en	'org_196'@en	Qperson_organization
QIEM_org_197	'Kayden'@en	'Organization 197'@en	'org_197'@en	Qperson_organization
QIEM_org_198	'Brielle'@en	'Organization 198'@en	'org_198'@en	Qperson_organization
QIEM_org_199	'Silas'@en	'Organization 199'@en	'org_199'@en	Qperson_organization
QIEM_org_200	'Adeline'@en	'Organization 200'@en	'org_200'@en	Qperson_organization
QIEM_org_201	'Bennett'@en	'Organization 201'@en	'org_201'@en	Qperson_organization
QIEM_org_202	'Vivian'@en	'Organization 202'@en	'org_202'@en	Qperson_organization
QIEM_org_203	'Declan'@en	'Organization 203'@en	'org_203'@en	Qperson_organization
QIEM_org_204	'Rylee'@en	'Organization 204'@en	'org_204'@en	Qperson_organization
QIEM_org_205	'Waylon'@en	'Organization 205'@en	'org_205'@en	Qperson_organization
QIEM_org_206	'Clara'@en	'Organization 206'@en	'org_206'@en	Qperson_organization
QIEM_org_207	'Weston'@en	'Organization 207'@en	'org_207'@en	Qperson_organization
QIEM_org_208	'Raelynn'@en	'Organization 208'@en	'org_208'@en	Qperson_organization
QIEM_org_209	'Evan'@en	'Organization 209'@en	'org_209'@en	Qperson_organization
QIEM_org_210	'Melanie'@en	'Organization 210'@en	'org_210'@en	Qperson_organization
QIEM_org_211	'Emmett'@en	'Organization 211'@en	'org_211'@en	Qperson_organization
QIEM_org_212	'Melody'@en	'Organization 212'@en	'org_212'@en	Qperson_organization
QIEM_org_213	'Micah'@en	'Organization 213'@en	'org_213'@en	Qperson_organization
QIEM_org_214	'Julia'@en	'Organization 214'@en	'org_214'@en	Qperson_organization
QIEM_org_215	'Ryder'@en	'Organization 215'@en	'org_215'@en	Qperson_organization
QIEM_org_216	'Athena'@en	'Organization 216'@en	'org_216'@en	Qperson_organization
QIEM_org_217	'Beau'@en	'Organization 217'@en	'org_217'@en	Qperson_organization
QIEM_org_218	'Maria'@en	'Organization 218'@en	'org_218'@en	Qperson_organization
QIEM_org_219	'Damian'@en	'Organization 219'@en	'org_219'@en	Qperson_organization
QIEM_org_220	'Liliana'@en	'Organization 220'@en	'org_220'@en	Qperson_organization
QIEM_org_221	'Brayden'@en	'Organization 221'@en	'org_221'@en	Qperson_organization
QIEM_org_222	'Hadley'@en	'Organization 222'@en	'org_222'@en	Qperson_organization
QIEM_org_223	'Gael'@en	'Organization 223'@en	'org_223'@en	Qperson_organization
QIEM_org_224	'Arya'@en	'Organization 224'@en	'org_224'@en	Qperson_organization
QIEM_org_225	'Rowan M'@en	'Organization 225'@en	'org_225'@en	Qperson_organization
QIEM_org_226	'Rose'@en	'Organization 226'@en	'org_226'@en	Qperson_organization
QIEM_org_227	'Harrison'@en	'Organization 227'@en	'org_227'@en	Qperson_organization
QIEM_org_228	'Reagan'@en	'Organization 228'@en	'org_228'@en	Qperson_organization
QIEM_org_229	'Bryson'@en	'Organization 229'@en	'org_229'@en	Qperson_organization
QIEM_org_230	'Eliza'@en	'Organization 230'@en	'org_230'@en	Qperson_organization
QIEM_org_231	'Sawyer M'@en	'Organization 231'@en	'org_231'@en	Qperson_organization
QIEM_org_232	'Adalynn'@en	'Organization 232'@en	'org_232'@en	Qperson_organization
QIEM_org_233	'Amir'@en	'Organization 233'@en	'org_233'@en	Qperson_organization
QIEM_org_234	'Kaylee'@en	'Organization 234'@en	'org_234'@en	Qperson_organization
QIEM_org_235	'Kingston'@en	'Organization 235'@en	'org_235'@en	Qperson_organization
QIEM_org_236	'Lyla'@en	'Organization 236'@en	'org_236'@en	Qperson_organization
QIEM_org_237	'Jason'@en	'Organization 237'@en	'org_237'@en	Qperson_organization
QIEM_org_238	'Mackenzie'@en	'Organization 238'@en	'org_238'@en	Qperson_organization
QIEM_org_239	'Giovanni'@en	'Organization 239'@en	'org_239'@en	Qperson_organization
QIEM_org_240	'Alaia'@en	'Organization 240'@en	'org_240'@en	Qperson_organization
QIEM_org_241	'Vincent'@en	'Organization 241'@en	'org_241'@en	Qperson_organization
QIEM_org_242	'Isabelle'@en	'Organization 242'@en	'org_242'@en	Qperson_organization
QIEM_org_243	'Ayden'@en	'Organization 243'@en	'org_243'@en	Qperson_organization
QIEM_org_244	'Charlie F'@en	'Organization 244'@en	'org_244'@en	Qperson_organization
QIEM_org_245	'Chase'@en	'Organization 245'@en	'org_245'@en	Qperson_organization
QIEM_org_246	'Arianna'@en	'Organization 246'@en	'org_246'@en	Qperson_organization
QIEM_org_247	'Myles'@en	'Organization 247'@en	'org_247'@en	Qperson_organization
QIEM_org_248	'Mary'@en	'Organization 248'@en	'org_248'@en	Qperson_organization
QIEM_org_249	'Diego'@en	'Organization 249'@en	'org_249'@en	Qperson_organization
QIEM_org_250	'Remi F'@en	'Organization 250'@en	'org_250'@en	Qperson_organization
QIEM_org_251	'Nathaniel'@en	'Organization 251'@en	'org_251'@en	Qperson_organization
QIEM_org_252	'Margaret'@en	'Organization 252'@en	'org_252'@en	Qperson_organization
QIEM_org_253	'Legend'@en	'Organization 253'@en	'org_253'@en	Qperson_organization
QIEM_org_254	'Iris'@en	'Organization 254'@en	'org_254'@en	Qperson_organization
QIEM_org_255	'Jonah'@en	'Organization 255'@en	'org_255'@en	Qperson_organization
QIEM_org_256	'Parker F'@en	'Organization 256'@en	'org_256'@en	Qperson_organization
QIEM_org_257	'River M'@en	'Organization 257'@en	'org_257'@en	Qperson_organization
QIEM_org_258	'Ximena'@en	'Organization 258'@en	'org_258'@en	Qperson_organization
QIEM_org_259	'Tyler'@en	'Organization 259'@en	'org_259'@en	Qperson_organization
QIEM_org_260	'Eden F'@en	'Organization 260'@en	'org_260'@en	Qperson_organization
QIEM_org_261	'Cole'@en	'Organization 261'@en	'org_261'@en	Qperson_organization
QIEM_org_262	'Ayla'@en	'Organization 262'@en	'org_262'@en	Qperson_organization
QIEM_org_263	'Braxton'@en	'Organization 263'@en	'org_263'@en	Qperson_organization
QIEM_org_264	'Kylie'@en	'Organization 264'@en	'org_264'@en	Qperson_organization
QIEM_org_265	'George'@en	'Organization 265'@en	'org_265'@en	Qperson_organization
QIEM_org_266	'Elliana'@en	'Organization 266'@en	'org_266'@en	Qperson_organization
QIEM_org_267	'Milo'@en	'Organization 267'@en	'org_267'@en	Qperson_organization
QIEM_org_268	'Josie'@en	'Organization 268'@en	'org_268'@en	Qperson_organization
QIEM_org_269	'Zachary'@en	'Organization 269'@en	'org_269'@en	Qperson_organization
QIEM_org_270	'Katherine'@en	'Organization 270'@en	'org_270'@en	Qperson_organization
QIEM_org_271	'Ashton'@en	'Organization 271'@en	'org_271'@en	Qperson_organization
QIEM_org_272	'Faith'@en	'Organization 272'@en	'org_272'@en	Qperson_organization
QIEM_org_273	'Luis'@en	'Organization 273'@en	'org_273'@en	Qperson_organization
QIEM_org_274	'Alexandra'@en	'Organization 274'@en	'org_274'@en	Qperson_organization
QIEM_org_275	'Jasper'@en	'Organization 275'@en	'org_275'@en	Qperson_organization
QIEM_org_276	'Eloise'@en	'Organization 276'@en	'org_276'@en	Qperson_organization
QIEM_org_277	'Kaiden'@en	'Organization 277'@en	'org_277'@en	Qperson_organization
QIEM_org_278	'Adalyn'@en	'Organization 278'@en	'org_278'@en	Qperson_organization
QIEM_org_279	'Adriel'@en	'Organization 279'@en	'org_279'@en	Qperson_organization
QIEM_org_280	'Amaya'@en	'Organization 280'@en	'org_280'@en	Qperson_organization
QIEM_org_281	'Gavin'@en	'Organization 281'@en	'org_281'@en	Qperson_organization
QIEM_org_282	'Jasmine'@en	'Organization 282'@en	'org_282'@en	Qperson_organization
QIEM_org_283	'Bentley'@en	'Organization 283'@en	'org_283'@en	Qperson_organization
QIEM_org_284	'Amara'@en	'Organization 284'@en	'org_284'@en	Qperson_organization
QIEM_org_285	'Calvin'@en	'Organization 285'@en	'org_285'@en	Qperson_organization
QIEM_org_286	'Daisy'@en	'Organization 286'@en	'org_286'@en	Qperson_organization
QIEM_org_287	'Zion'@en	'Organization 287'@en	'org_287'@en	Qperson_organization
QIEM_org_288	'Reese F'@en	'Organization 288'@en	'org_288'@en	Qperson_organization
QIEM_org_289	'Juan'@en	'Organization 289'@en	'org_289'@en	Qperson_organization
QIEM_org_290	'Valerie'@en	'Organization 290'@en	'org_290'@en	Qperson_organization
QIEM_org_291	'Maxwell'@en	'Organization 291'@en	'org_291'@en	Qperson_organization
QIEM_org_292	'Brianna'@en	'Organization 292'@en	'org_292'@en	Qperson_organization
QIEM_org_293	'Max'@en	'Organization 293'@en	'org_293'@en	Qperson_organization
QIEM_org_294	'Cecilia'@en	'Organization 294'@en	'org_294'@en	Qperson_organization
QIEM_org_295	'Ryker'@en	'Organization 295'@en	'org_295'@en	Qperson_organization
QIEM_org_296	'Andrea'@en	'Organization 296'@en	'org_296'@en	Qperson_organization
QIEM_org_297	'Carlos'@en	'Organization 297'@en	'org_297'@en	Qperson_organization
QIEM_org_298	'Summer'@en	'Organization 298'@en	'org_298'@en	Qperson_organization
QIEM_org_299	'Emmanuel'@en	'Organization 299'@en	'org_299'@en	Qperson_organization
QIEM_org_300	'Valeria'@en	'Organization 300'@en	'org_300'@en	Qperson_organization
QIEM_org_301	'Jayce'@en	'Organization 301'@en	'org_301'@en	Qperson_organization
QIEM_org_302	'Norah'@en	'Organization 302'@en	'org_302'@en	Qperson_organization
QIEM_org_303	'Lorenzo'@en	'Organization 303'@en	'org_303'@en	Qperson_organization
QIEM_org_304	'Ariella'@en	'Organization 304'@en	'org_304'@en	Qperson_organization
QIEM_org_305	'Ivan'@en	'Organization 305'@en	'org_305'@en	Qperson_organization
QIEM_org_306	'Esther'@en	'Organization 306'@en	'org_306'@en	Qperson_organization
QIEM_org_307	'Jude'@en	'Organization 307'@en	'org_307'@en	Qperson_organization
QIEM_org_308	'Ashley'@en	'Organization 308'@en	'org_308'@en	Qperson_organization
QIEM_org_309	'August M'@en	'Organization 309'@en	'org_309'@en	Qperson_organization
QIEM_org_310	'Emerson F'@en	'Organization 310'@en	'org_310'@en	Qperson_organization
QIEM_org_311	'Kevin'@en	'Organization 311'@en	'org_311'@en	Qperson_organization
QIEM_org_312	'Aubree'@en	'Organization 312'@en	'org_312'@en	Qperson_organization
QIEM_org_313	'Malachi'@en	'Organization 313'@en	'org_313'@en	Qperson_organization
QIEM_org_314	'Isabel'@en	'Organization 314'@en	'org_314'@en	Qperson_organization
QIEM_org_315	'Elliott M'@en	'Organization 315'@en	'org_315'@en	Qperson_organization
QIEM_org_316	'Anastasia'@en	'Organization 316'@en	'org_316'@en	Qperson_organization
QIEM_org_317	'Rhett'@en	'Organization 317'@en	'org_317'@en	Qperson_organization
QIEM_org_318	'Ryleigh'@en	'Organization 318'@en	'org_318'@en	Qperson_organization
QIEM_org_319	'Archer'@en	'Organization 319'@en	'org_319'@en	Qperson_organization
QIEM_org_320	'Khloe'@en	'Organization 320'@en	'org_320'@en	Qperson_organization
QIEM_org_321	'Karter M'@en	'Organization 321'@en	'org_321'@en	Qperson_organization
QIEM_org_322	'Taylor F'@en	'Organization 322'@en	'org_322'@en	Qperson_organization
QIEM_org_323	'Arthur'@en	'Organization 323'@en	'org_323'@en	Qperson_organization
QIEM_org_324	'Londyn'@en	'Organization 324'@en	'org_324'@en	Qperson_organization
QIEM_org_325	'Luka'@en	'Organization 325'@en	'org_325'@en	Qperson_organization
QIEM_org_326	'Lucia'@en	'Organization 326'@en	'org_326'@en	Qperson_organization
QIEM_org_327	'Elliot M'@en	'Organization 327'@en	'org_327'@en	Qperson_organization
QIEM_org_328	'Emersyn'@en	'Organization 328'@en	'org_328'@en	Qperson_organization
QIEM_org_329	'Thiago'@en	'Organization 329'@en	'org_329'@en	Qperson_organization
QIEM_org_330	'Callie'@en	'Organization 330'@en	'org_330'@en	Qperson_organization
QIEM_org_331	'Brandon'@en	'Organization 331'@en	'org_331'@en	Qperson_organization
QIEM_org_332	'Sienna'@en	'Organization 332'@en	'org_332'@en	Qperson_organization
QIEM_org_333	'Camden'@en	'Organization 333'@en	'org_333'@en	Qperson_organization
QIEM_org_334	'Blakely'@en	'Organization 334'@en	'org_334'@en	Qperson_organization
QIEM_org_335	'Justin'@en	'Organization 335'@en	'org_335'@en	Qperson_organization
QIEM_org_336	'Kehlani'@en	'Organization 336'@en	'org_336'@en	Qperson_organization
QIEM_org_337	'Jesus'@en	'Organization 337'@en	'org_337'@en	Qperson_organization
QIEM_org_338	'Genevieve'@en	'Organization 338'@en	'org_338'@en	Qperson_organization
QIEM_org_339	'Maddox'@en	'Organization 339'@en	'org_339'@en	Qperson_organization
QIEM_org_340	'Alina'@en	'Organization 340'@en	'org_340'@en	Qperson_organization
QIEM_org_341	'King'@en	'Organization 341'@en	'org_341'@en	Qperson_organization
QIEM_org_342	'Bailey'@en	'Organization 342'@en	'org_342'@en	Qperson_organization
QIEM_org_343	'Theo'@en	'Organization 343'@en	'org_343'@en	Qperson_organization
QIEM_org_344	'Juniper'@en	'Organization 344'@en	'org_344'@en	Qperson_organization
QIEM_org_345	'Enzo'@en	'Organization 345'@en	'org_345'@en	Qperson_organization
QIEM_org_346	'Maeve'@en	'Organization 346'@en	'org_346'@en	Qperson_organization
QIEM_org_347	'Matteo'@en	'Organization 347'@en	'org_347'@en	Qperson_organization
QIEM_org_348	'Molly'@en	'Organization 348'@en	'org_348'@en	Qperson_organization
QIEM_org_349	'Emiliano'@en	'Organization 349'@en	'org_349'@en	Qperson_organization
QIEM_org_350	'Harmony'@en	'Organization 350'@en	'org_350'@en	Qperson_organization
QIEM_org_351	'Dean'@en	'Organization 351'@en	'org_351'@en	Qperson_organization
QIEM_org_352	'Georgia'@en	'Organization 352'@en	'org_352'@en	Qperson_organization
QIEM_org_353	'Hayden M'@en	'Organization 353'@en	'org_353'@en	Qperson_organization
QIEM_org_354	'Magnolia'@en	'Organization 354'@en	'org_354'@en	Qperson_organization
QIEM_org_355	'Finn'@en	'Organization 355'@en	'org_355'@en	Qperson_organization
QIEM_org_356	'Catalina'@en	'Organization 356'@en	'org_356'@en	Qperson_organization
QIEM_org_357	'Brody'@en	'Organization 357'@en	'org_357'@en	Qperson_organization
QIEM_org_358	'Freya'@en	'Organization 358'@en	'org_358'@en	Qperson_organization
QIEM_org_359	'Antonio'@en	'Organization 359'@en	'org_359'@en	Qperson_organization
QIEM_org_360	'Juliette'@en	'Organization 360'@en	'org_360'@en	Qperson_organization
QIEM_org_361	'Abel'@en	'Organization 361'@en	'org_361'@en	Qperson_organization
QIEM_org_362	'Sloane'@en	'Organization 362'@en	'org_362'@en	Qperson_organization
QIEM_org_363	'Alex'@en	'Organization 363'@en	'org_363'@en	Qperson_organization
QIEM_org_364	'June'@en	'Organization 364'@en	'org_364'@en	Qperson_organization
QIEM_org_365	'Tristan'@en	'Organization 365'@en	'org_365'@en	Qperson_organization
QIEM_org_366	'Sara'@en	'Organization 366'@en	'org_366'@en	Qperson_organization
QIEM_org_367	'Graham'@en	'Organization 367'@en	'org_367'@en	Qperson_organization
QIEM_org_368	'Ada'@en	'Organization 368'@en	'org_368'@en	Qperson_organization
QIEM_org_369	'Zayden'@en	'Organization 369'@en	'org_369'@en	Qperson_organization
QIEM_org_370	'Kimberly'@en	'Organization 370'@en	'org_370'@en	Qperson_organization
QIEM_org_371	'Judah'@en	'Organization 371'@en	'org_371'@en	Qperson_organization
QIEM_org_372	'River F'@en	'Organization 372'@en	'org_372'@en	Qperson_organization
QIEM_org_373	'Xander'@en	'Organization 373'@en	'org_373'@en	Qperson_organization
QIEM_org_374	'Ember'@en	'Organization 374'@en	'org_374'@en	Qperson_organization
QIEM_org_375	'Miguel'@en	'Organization 375'@en	'org_375'@en	Qperson_organization
QIEM_org_376	'Juliana'@en	'Organization 376'@en	'org_376'@en	Qperson_organization
QIEM_org_377	'Atlas'@en	'Organization 377'@en	'org_377'@en	Qperson_organization
QIEM_org_378	'Aliyah'@en	'Organization 378'@en	'org_378'@en	Qperson_organization
QIEM_org_379	'Messiah'@en	'Organization 379'@en	'org_379'@en	Qperson_organization
QIEM_org_380	'Millie'@en	'Organization 380'@en	'org_380'@en	Qperson_organization
QIEM_org_381	'Barrett'@en	'Organization 381'@en	'org_381'@en	Qperson_organization
QIEM_org_382	'Brynlee'@en	'Organization 382'@en	'org_382'@en	Qperson_organization
QIEM_org_383	'Tucker'@en	'Organization 383'@en	'org_383'@en	Qperson_organization
QIEM_org_384	'Teagan'@en	'Organization 384'@en	'org_384'@en	Qperson_organization
QIEM_org_385	'Timothy'@en	'Organization 385'@en	'org_385'@en	Qperson_organization
QIEM_org_386	'Morgan F'@en	'Organization 386'@en	'org_386'@en	Qperson_organization
QIEM_org_387	'Alan'@en	'Organization 387'@en	'org_387'@en	Qperson_organization
QIEM_org_388	'Jordyn'@en	'Organization 388'@en	'org_388'@en	Qperson_organization
QIEM_org_389	'Edward'@en	'Organization 389'@en	'org_389'@en	Qperson_organization
QIEM_org_390	'London F'@en	'Organization 390'@en	'org_390'@en	Qperson_organization
QIEM_org_391	'Leon'@en	'Organization 391'@en	'org_391'@en	Qperson_organization
QIEM_org_392	'Alaina'@en	'Organization 392'@en	'org_392'@en	Qperson_organization
QIEM_org_393	'Dawson'@en	'Organization 393'@en	'org_393'@en	Qperson_organization
QIEM_org_394	'Olive'@en	'Organization 394'@en	'org_394'@en	Qperson_organization
QIEM_org_395	'Eric'@en	'Organization 395'@en	'org_395'@en	Qperson_organization
QIEM_org_396	'Rosalie'@en	'Organization 396'@en	'org_396'@en	Qperson_organization
QIEM_org_397	'Ace'@en	'Organization 397'@en	'org_397'@en	Qperson_organization
QIEM_org_398	'Alyssa'@en	'Organization 398'@en	'org_398'@en	Qperson_organization
QIEM_org_399	'Victor'@en	'Organization 399'@en	'org_399'@en	Qperson_organization
QIEM_org_400	'Ariel F'@en	'Organization 400'@en	'org_400'@en	Qperson_organization
QIEM_org_401	'Abraham'@en	'Organization 401'@en	'org_401'@en	Qperson_organization
QIEM_org_402	'Finley F'@en	'Organization 402'@en	'org_402'@en	Qperson_organization
QIEM_org_403	'Nicolas'@en	'Organization 403'@en	'org_403'@en	Qperson_organization
QIEM_org_404	'Arabella'@en	'Organization 404'@en	'org_404'@en	Qperson_organization
QIEM_org_405	'Jesse'@en	'Organization 405'@en	'org_405'@en	Qperson_organization
QIEM_org_406	'Journee'@en	'Organization 406'@en	'org_406'@en	Qperson_organization
QIEM_org_407	'Charlie M'@en	'Organization 407'@en	'org_407'@en	Qperson_organization
QIEM_org_408	'Hope'@en	'Organization 408'@en	'org_408'@en	Qperson_organization
QIEM_org_409	'Patrick'@en	'Organization 409'@en	'org_409'@en	Qperson_organization
QIEM_org_410	'Leila'@en	'Organization 410'@en	'org_410'@en	Qperson_organization
QIEM_org_411	'Walker'@en	'Organization 411'@en	'org_411'@en	Qperson_organization
QIEM_org_412	'Alana'@en	'Organization 412'@en	'org_412'@en	Qperson_organization
QIEM_org_413	'Joel'@en	'Organization 413'@en	'org_413'@en	Qperson_organization
QIEM_org_414	'Gemma'@en	'Organization 414'@en	'org_414'@en	Qperson_organization
QIEM_org_415	'Richard'@en	'Organization 415'@en	'org_415'@en	Qperson_organization
QIEM_org_416	'Vanessa'@en	'Organization 416'@en	'org_416'@en	Qperson_organization
QIEM_org_417	'Beckett'@en	'Organization 417'@en	'org_417'@en	Qperson_organization
QIEM_org_418	'Gracie'@en	'Organization 418'@en	'org_418'@en	Qperson_organization
QIEM_org_419	'Blake M'@en	'Organization 419'@en	'org_419'@en	Qperson_organization
QIEM_org_420	'Noelle'@en	'Organization 420'@en	'org_420'@en	Qperson_organization
QIEM_org_421	'Alejandro'@en	'Organization 421'@en	'org_421'@en	Qperson_organization
QIEM_org_422	'Marley F'@en	'Organization 422'@en	'org_422'@en	Qperson_organization
QIEM_org_423	'Avery M'@en	'Organization 423'@en	'org_423'@en	Qperson_organization
QIEM_org_424	'Elise'@en	'Organization 424'@en	'org_424'@en	Qperson_organization
QIEM_org_425	'Grant'@en	'Organization 425'@en	'org_425'@en	Qperson_organization
QIEM_org_426	'Presley'@en	'Organization 426'@en	'org_426'@en	Qperson_organization
QIEM_org_427	'Peter'@en	'Organization 427'@en	'org_427'@en	Qperson_organization
QIEM_org_428	'Kamila'@en	'Organization 428'@en	'org_428'@en	Qperson_organization
QIEM_org_429	'Oscar'@en	'Organization 429'@en	'org_429'@en	Qperson_organization
QIEM_org_430	'Zara'@en	'Organization 430'@en	'org_430'@en	Qperson_organization
QIEM_org_431	'Matias'@en	'Organization 431'@en	'org_431'@en	Qperson_organization
QIEM_org_432	'Amy'@en	'Organization 432'@en	'org_432'@en	Qperson_organization
QIEM_org_433	'Amari M'@en	'Organization 433'@en	'org_433'@en	Qperson_organization
QIEM_org_434	'Kayla'@en	'Organization 434'@en	'org_434'@en	Qperson_organization
QIEM_org_435	'Lukas'@en	'Organization 435'@en	'org_435'@en	Qperson_organization
QIEM_org_436	'Payton'@en	'Organization 436'@en	'org_436'@en	Qperson_organization
QIEM_org_437	'Andres'@en	'Organization 437'@en	'org_437'@en	Qperson_organization
QIEM_org_438	'Blake F'@en	'Organization 438'@en	'org_438'@en	Qperson_organization
QIEM_org_439	'Arlo'@en	'Organization 439'@en	'org_439'@en	Qperson_organization
QIEM_org_440	'Ruth'@en	'Organization 440'@en	'org_440'@en	Qperson_organization
QIEM_org_441	'Colt'@en	'Organization 441'@en	'org_441'@en	Qperson_organization
QIEM_org_442	'Alani'@en	'Organization 442'@en	'org_442'@en	Qperson_organization
QIEM_org_443	'Adonis'@en	'Organization 443'@en	'org_443'@en	Qperson_organization
QIEM_org_444	'Annabelle'@en	'Organization 444'@en	'org_444'@en	Qperson_organization
QIEM_org_445	'Kyrie'@en	'Organization 445'@en	'org_445'@en	Qperson_organization
QIEM_org_446	'Sage F'@en	'Organization 446'@en	'org_446'@en	Qperson_organization
QIEM_org_447	'Steven'@en	'Organization 447'@en	'org_447'@en	Qperson_organization
QIEM_org_448	'Aspen'@en	'Organization 448'@en	'org_448'@en	Qperson_organization
QIEM_org_449	'Felix'@en	'Organization 449'@en	'org_449'@en	Qperson_organization
QIEM_org_450	'Laila'@en	'Organization 450'@en	'org_450'@en	Qperson_organization
QIEM_org_451	'Preston'@en	'Organization 451'@en	'org_451'@en	Qperson_organization
QIEM_org_452	'Lila'@en	'Organization 452'@en	'org_452'@en	Qperson_organization
QIEM_org_453	'Marcus'@en	'Organization 453'@en	'org_453'@en	Qperson_organization
QIEM_org_454	'Rachel'@en	'Organization 454'@en	'org_454'@en	Qperson_organization
QIEM_org_455	'Holden'@en	'Organization 455'@en	'org_455'@en	Qperson_organization
QIEM_org_456	'Trinity'@en	'Organization 456'@en	'org_456'@en	Qperson_organization
QIEM_org_457	'Emilio'@en	'Organization 457'@en	'org_457'@en	Qperson_organization
QIEM_org_458	'Daniela'@en	'Organization 458'@en	'org_458'@en	Qperson_organization
QIEM_org_459	'Remington M'@en	'Organization 459'@en	'org_459'@en	Qperson_organization
QIEM_org_460	'Alexa'@en	'Organization 460'@en	'org_460'@en	Qperson_organization
QIEM_org_461	'Jeremy'@en	'Organization 461'@en	'org_461'@en	Qperson_organization
QIEM_org_462	'Lilly'@en	'Organization 462'@en	'org_462'@en	Qperson_organization
QIEM_org_463	'Kaleb'@en	'Organization 463'@en	'org_463'@en	Qperson_organization
QIEM_org_464	'Lauren'@en	'Organization 464'@en	'org_464'@en	Qperson_organization
QIEM_org_465	'Brantley'@en	'Organization 465'@en	'org_465'@en	Qperson_organization
QIEM_org_466	'Elsie'@en	'Organization 466'@en	'org_466'@en	Qperson_organization
QIEM_org_467	'Bryce'@en	'Organization 467'@en	'org_467'@en	Qperson_organization
QIEM_org_468	'Margot'@en	'Organization 468'@en	'org_468'@en	Qperson_organization
QIEM_org_469	'Mark'@en	'Organization 469'@en	'org_469'@en	Qperson_organization
QIEM_org_470	'Adelyn'@en	'Organization 470'@en	'org_470'@en	Qperson_organization
QIEM_org_471	'Knox'@en	'Organization 471'@en	'org_471'@en	Qperson_organization
QIEM_org_472	'Zuri'@en	'Organization 472'@en	'org_472'@en	Qperson_organization
QIEM_org_473	'Israel'@en	'Organization 473'@en	'org_473'@en	Qperson_organization
QIEM_org_474	'Brooke'@en	'Organization 474'@en	'org_474'@en	Qperson_organization
QIEM_org_475	'Phoenix M'@en	'Organization 475'@en	'org_475'@en	Qperson_organization
QIEM_org_476	'Sawyer F'@en	'Organization 476'@en	'org_476'@en	Qperson_organization
QIEM_org_477	'Kobe'@en	'Organization 477'@en	'org_477'@en	Qperson_organization
QIEM_org_478	'Lilah'@en	'Organization 478'@en	'org_478'@en	Qperson_organization
QIEM_org_479	'Nash'@en	'Organization 479'@en	'org_479'@en	Qperson_organization
QIEM_org_480	'Lola'@en	'Organization 480'@en	'org_480'@en	Qperson_organization
QIEM_org_481	'Griffin'@en	'Organization 481'@en	'org_481'@en	Qperson_organization
QIEM_org_482	'Selena'@en	'Organization 482'@en	'org_482'@en	Qperson_organization
QIEM_org_483	'Caden'@en	'Organization 483'@en	'org_483'@en	Qperson_organization
QIEM_org_484	'Mya'@en	'Organization 484'@en	'org_484'@en	Qperson_organization
QIEM_org_485	'Kenneth'@en	'Organization 485'@en	'org_485'@en	Qperson_organization
QIEM_org_486	'Sydney'@en	'Organization 486'@en	'org_486'@en	Qperson_organization
QIEM_org_487	'Kyler'@en	'Organization 487'@en	'org_487'@en	Qperson_organization
QIEM_org_488	'Diana'@en	'Organization 488'@en	'org_488'@en	Qperson_organization
QIEM_org_489	'Hayes'@en	'Organization 489'@en	'org_489'@en	Qperson_organization
QIEM_org_490	'Ana'@en	'Organization 490'@en	'org_490'@en	Qperson_organization
QIEM_org_491	'Jax'@en	'Organization 491'@en	'org_491'@en	Qperson_organization
QIEM_org_492	'Vera'@en	'Organization 492'@en	'org_492'@en	Qperson_organization
QIEM_org_493	'Rafael'@en	'Organization 493'@en	'org_493'@en	Qperson_organization
QIEM_org_494	'Alayna'@en	'Organization 494'@en	'org_494'@en	Qperson_organization
QIEM_org_495	'Beckham'@en	'Organization 495'@en	'org_495'@en	Qperson_organization
QIEM_org_496	'Nyla'@en	'Organization 496'@en	'org_496'@en	Qperson_organization
QIEM_org_497	'Javier'@en	'Organization 497'@en	'org_497'@en	Qperson_organization
QIEM_org_498	'Elaina'@en	'Organization 498'@en	'org_498'@en	Qperson_organization
QIEM_org_499	'Maximus'@en	'Organization 499'@en	'org_499'@en	Qperson_organization
QIEM_org_500	'Rebecca'@en	'Organization 500'@en	'org_500'@en	Qperson_organization
QIEM_org_501	'Simon'@en	'Organization 501'@en	'org_501'@en	Qperson_organization
QIEM_org_502	'Angela'@en	'Organization 502'@en	'org_502'@en	Qperson_organization
QIEM_org_503	'Paul'@en	'Organization 503'@en	'org_503'@en	Qperson_organization
QIEM_org_504	'Kali'@en	'Organization 504'@en	'org_504'@en	Qperson_organization
QIEM_org_505	'Omar'@en	'Organization 505'@en	'org_505'@en	Qperson_organization
QIEM_org_506	'Alivia'@en	'Organization 506'@en	'org_506'@en	Qperson_organization
QIEM_org_507	'Kaden'@en	'Organization 507'@en	'org_507'@en	Qperson_organization
QIEM_org_508	'Raegan'@en	'Organization 508'@en	'org_508'@en	Qperson_organization
QIEM_org_509	'Kash'@en	'Organization 509'@en	'org_509'@en	Qperson_organization
QIEM_org_510	'Rowan F'@en	'Organization 510'@en	'org_510'@en	Qperson_organization
QIEM_org_511	'Lane'@en	'Organization 511'@en	'org_511'@en	Qperson_organization
QIEM_org_512	'Phoebe'@en	'Organization 512'@en	'org_512'@en	Qperson_organization
QIEM_org_513	'Bryan'@en	'Organization 513'@en	'org_513'@en	Qperson_organization
QIEM_org_514	'Camilla'@en	'Organization 514'@en	'org_514'@en	Qperson_organization
QIEM_org_515	'Riley M'@en	'Organization 515'@en	'org_515'@en	Qperson_organization
QIEM_org_516	'Joanna'@en	'Organization 516'@en	'org_516'@en	Qperson_organization
QIEM_org_517	'Zane'@en	'Organization 517'@en	'org_517'@en	Qperson_organization
QIEM_org_518	'Malia'@en	'Organization 518'@en	'org_518'@en	Qperson_organization
QIEM_org_519	'Louis'@en	'Organization 519'@en	'org_519'@en	Qperson_organization
QIEM_org_520	'Vivienne'@en	'Organization 520'@en	'org_520'@en	Qperson_organization
QIEM_org_521	'Aidan'@en	'Organization 521'@en	'org_521'@en	Qperson_organization
QIEM_org_522	'Dakota F'@en	'Organization 522'@en	'org_522'@en	Qperson_organization
QIEM_org_523	'Paxton'@en	'Organization 523'@en	'org_523'@en	Qperson_organization
QIEM_org_524	'Brooklynn'@en	'Organization 524'@en	'org_524'@en	Qperson_organization
QIEM_org_525	'Maximiliano'@en	'Organization 525'@en	'org_525'@en	Qperson_organization
QIEM_org_526	'Evangeline'@en	'Organization 526'@en	'org_526'@en	Qperson_organization
QIEM_org_527	'Karson'@en	'Organization 527'@en	'org_527'@en	Qperson_organization
QIEM_org_528	'Camille'@en	'Organization 528'@en	'org_528'@en	Qperson_organization
QIEM_org_529	'Cash'@en	'Organization 529'@en	'org_529'@en	Qperson_organization
QIEM_org_530	'Jane'@en	'Organization 530'@en	'org_530'@en	Qperson_organization
QIEM_org_531	'Cayden'@en	'Organization 531'@en	'org_531'@en	Qperson_organization
QIEM_org_532	'Nicole'@en	'Organization 532'@en	'org_532'@en	Qperson_organization
QIEM_org_533	'Emerson M'@en	'Organization 533'@en	'org_533'@en	Qperson_organization
QIEM_org_534	'Catherine'@en	'Organization 534'@en	'org_534'@en	Qperson_organization
QIEM_org_535	'Tobias'@en	'Organization 535'@en	'org_535'@en	Qperson_organization
QIEM_org_536	'Jocelyn'@en	'Organization 536'@en	'org_536'@en	Qperson_organization
QIEM_org_537	'Ronan'@en	'Organization 537'@en	'org_537'@en	Qperson_organization
QIEM_org_538	'Julianna'@en	'Organization 538'@en	'org_538'@en	Qperson_organization
QIEM_org_539	'Brian'@en	'Organization 539'@en	'org_539'@en	Qperson_organization
QIEM_org_540	'Lena'@en	'Organization 540'@en	'org_540'@en	Qperson_organization
QIEM_org_541	'Dallas M'@en	'Organization 541'@en	'org_541'@en	Qperson_organization
QIEM_org_542	'Lucille'@en	'Organization 542'@en	'org_542'@en	Qperson_organization
QIEM_org_543	'Bradley'@en	'Organization 543'@en	'org_543'@en	Qperson_organization
QIEM_org_544	'Mckenna'@en	'Organization 544'@en	'org_544'@en	Qperson_organization
QIEM_org_545	'Jorge'@en	'Organization 545'@en	'org_545'@en	Qperson_organization
QIEM_org_546	'Paige'@en	'Organization 546'@en	'org_546'@en	Qperson_organization
QIEM_org_547	'Walter'@en	'Organization 547'@en	'org_547'@en	Qperson_organization
QIEM_org_548	'Adelaide'@en	'Organization 548'@en	'org_548'@en	Qperson_organization
QIEM_org_549	'Josue'@en	'Organization 549'@en	'org_549'@en	Qperson_organization
QIEM_org_550	'Charlee'@en	'Organization 550'@en	'org_550'@en	Qperson_organization
QIEM_org_551	'Khalil'@en	'Organization 551'@en	'org_551'@en	Qperson_organization
QIEM_org_552	'Mariana'@en	'Organization 552'@en	'org_552'@en	Qperson_organization
QIEM_org_553	'Damien'@en	'Organization 553'@en	'org_553'@en	Qperson_organization
QIEM_org_554	'Myla'@en	'Organization 554'@en	'org_554'@en	Qperson_organization
QIEM_org_555	'Jett'@en	'Organization 555'@en	'org_555'@en	Qperson_organization
QIEM_org_556	'Mckenzie'@en	'Organization 556'@en	'org_556'@en	Qperson_organization
QIEM_org_557	'Kairo'@en	'Organization 557'@en	'org_557'@en	Qperson_organization
QIEM_org_558	'Tessa'@en	'Organization 558'@en	'org_558'@en	Qperson_organization
QIEM_org_559	'Zander'@en	'Organization 559'@en	'org_559'@en	Qperson_organization
QIEM_org_560	'Miriam'@en	'Organization 560'@en	'org_560'@en	Qperson_organization
QIEM_org_561	'Andre'@en	'Organization 561'@en	'org_561'@en	Qperson_organization
QIEM_org_562	'Oakley F'@en	'Organization 562'@en	'org_562'@en	Qperson_organization
QIEM_org_563	'Cohen'@en	'Organization 563'@en	'org_563'@en	Qperson_organization
QIEM_org_564	'Kailani'@en	'Organization 564'@en	'org_564'@en	Qperson_organization
QIEM_org_565	'Crew'@en	'Organization 565'@en	'org_565'@en	Qperson_organization
QIEM_org_566	'Alayah'@en	'Organization 566'@en	'org_566'@en	Qperson_organization
QIEM_org_567	'Hendrix'@en	'Organization 567'@en	'org_567'@en	Qperson_organization
QIEM_org_568	'Amira'@en	'Organization 568'@en	'org_568'@en	Qperson_organization
QIEM_org_569	'Colin'@en	'Organization 569'@en	'org_569'@en	Qperson_organization
QIEM_org_570	'Adaline'@en	'Organization 570'@en	'org_570'@en	Qperson_organization
QIEM_org_571	'Chance'@en	'Organization 571'@en	'org_571'@en	Qperson_organization
QIEM_org_572	'Phoenix F'@en	'Organization 572'@en	'org_572'@en	Qperson_organization
QIEM_org_573	'Malakai'@en	'Organization 573'@en	'org_573'@en	Qperson_organization
QIEM_org_574	'Milani'@en	'Organization 574'@en	'org_574'@en	Qperson_organization
QIEM_org_575	'Clayton'@en	'Organization 575'@en	'org_575'@en	Qperson_organization
QIEM_org_576	'Annie'@en	'Organization 576'@en	'org_576'@en	Qperson_organization
QIEM_org_577	'Daxton'@en	'Organization 577'@en	'org_577'@en	Qperson_organization
QIEM_org_578	'Lia'@en	'Organization 578'@en	'org_578'@en	Qperson_organization
QIEM_org_579	'Malcolm'@en	'Organization 579'@en	'org_579'@en	Qperson_organization
QIEM_org_580	'Angelina'@en	'Organization 580'@en	'org_580'@en	Qperson_organization
QIEM_org_581	'Lennox M'@en	'Organization 581'@en	'org_581'@en	Qperson_organization
QIEM_org_582	'Harley F'@en	'Organization 582'@en	'org_582'@en	Qperson_organization
QIEM_org_583	'Martin'@en	'Organization 583'@en	'org_583'@en	Qperson_organization
QIEM_org_584	'Cali'@en	'Organization 584'@en	'org_584'@en	Qperson_organization
QIEM_org_585	'Jaden'@en	'Organization 585'@en	'org_585'@en	Qperson_organization
QIEM_org_586	'Maggie'@en	'Organization 586'@en	'org_586'@en	Qperson_organization
QIEM_org_587	'Kayson'@en	'Organization 587'@en	'org_587'@en	Qperson_organization
QIEM_org_588	'Hayden F'@en	'Organization 588'@en	'org_588'@en	Qperson_organization
QIEM_org_589	'Bodhi'@en	'Organization 589'@en	'org_589'@en	Qperson_organization
QIEM_org_590	'Leia'@en	'Organization 590'@en	'org_590'@en	Qperson_organization
QIEM_org_591	'Francisco'@en	'Organization 591'@en	'org_591'@en	Qperson_organization
QIEM_org_592	'Fiona'@en	'Organization 592'@en	'org_592'@en	Qperson_organization
QIEM_org_593	'Cody'@en	'Organization 593'@en	'org_593'@en	Qperson_organization
QIEM_org_594	'Briella'@en	'Organization 594'@en	'org_594'@en	Qperson_organization
QIEM_org_595	'Erick'@en	'Organization 595'@en	'org_595'@en	Qperson_organization
QIEM_org_596	'Journey'@en	'Organization 596'@en	'org_596'@en	Qperson_organization
QIEM_org_597	'Kameron'@en	'Organization 597'@en	'org_597'@en	Qperson_organization
QIEM_org_598	'Lennon F'@en	'Organization 598'@en	'org_598'@en	Qperson_organization
QIEM_org_599	'Atticus'@en	'Organization 599'@en	'org_599'@en	Qperson_organization
QIEM_org_600	'Saylor'@en	'Organization 600'@en	'org_600'@en	Qperson_organization
QIEM_org_601	'Dante'@en	'Organization 601'@en	'org_601'@en	Qperson_organization
QIEM_org_602	'Jayla'@en	'Organization 602'@en	'org_602'@en	Qperson_organization
QIEM_org_603	'Jensen'@en	'Organization 603'@en	'org_603'@en	Qperson_organization
QIEM_org_604	'Kaia'@en	'Organization 604'@en	'org_604'@en	Qperson_organization
QIEM_org_605	'Cruz'@en	'Organization 605'@en	'org_605'@en	Qperson_organization
QIEM_org_606	'Thea'@en	'Organization 606'@en	'org_606'@en	Qperson_organization
QIEM_org_607	'Finley M'@en	'Organization 607'@en	'org_607'@en	Qperson_organization
QIEM_org_608	'Adriana'@en	'Organization 608'@en	'org_608'@en	Qperson_organization
QIEM_org_609	'Brady'@en	'Organization 609'@en	'org_609'@en	Qperson_organization
QIEM_org_610	'Mariah'@en	'Organization 610'@en	'org_610'@en	Qperson_organization
QIEM_org_611	'Joaquin'@en	'Organization 611'@en	'org_611'@en	Qperson_organization
QIEM_org_612	'Juliet'@en	'Organization 612'@en	'org_612'@en	Qperson_organization
QIEM_org_613	'Anderson'@en	'Organization 613'@en	'org_613'@en	Qperson_organization
QIEM_org_614	'Oaklynn'@en	'Organization 614'@en	'org_614'@en	Qperson_organization
QIEM_org_615	'Gunner'@en	'Organization 615'@en	'org_615'@en	Qperson_organization
QIEM_org_616	'Kiara'@en	'Organization 616'@en	'org_616'@en	Qperson_organization
QIEM_org_617	'Muhammad'@en	'Organization 617'@en	'org_617'@en	Qperson_organization
QIEM_org_618	'Alexis F'@en	'Organization 618'@en	'org_618'@en	Qperson_organization
QIEM_org_619	'Zayn'@en	'Organization 619'@en	'org_619'@en	Qperson_organization
QIEM_org_620	'Haven'@en	'Organization 620'@en	'org_620'@en	Qperson_organization
QIEM_org_621	'Derek'@en	'Organization 621'@en	'org_621'@en	Qperson_organization
QIEM_org_622	'Aniyah'@en	'Organization 622'@en	'org_622'@en	Qperson_organization
QIEM_org_623	'Raymond'@en	'Organization 623'@en	'org_623'@en	Qperson_organization
QIEM_org_624	'Delaney'@en	'Organization 624'@en	'org_624'@en	Qperson_organization
QIEM_org_625	'Kyle'@en	'Organization 625'@en	'org_625'@en	Qperson_organization
QIEM_org_626	'Gracelynn'@en	'Organization 626'@en	'org_626'@en	Qperson_organization
QIEM_org_627	'Angelo'@en	'Organization 627'@en	'org_627'@en	Qperson_organization
QIEM_org_628	'Kendall'@en	'Organization 628'@en	'org_628'@en	Qperson_organization
QIEM_org_629	'Reid'@en	'Organization 629'@en	'org_629'@en	Qperson_organization
QIEM_org_630	'Winter'@en	'Organization 630'@en	'org_630'@en	Qperson_organization
QIEM_org_631	'Spencer'@en	'Organization 631'@en	'org_631'@en	Qperson_organization
QIEM_org_632	'Lilith'@en	'Organization 632'@en	'org_632'@en	Qperson_organization
QIEM_org_633	'Nico'@en	'Organization 633'@en	'org_633'@en	Qperson_organization
QIEM_org_634	'Logan F'@en	'Organization 634'@en	'org_634'@en	Qperson_organization
QIEM_org_635	'Jaylen'@en	'Organization 635'@en	'org_635'@en	Qperson_organization
QIEM_org_636	'Amiyah'@en	'Organization 636'@en	'org_636'@en	Qperson_organization
QIEM_org_637	'Jake'@en	'Organization 637'@en	'org_637'@en	Qperson_organization
QIEM_org_638	'Evie'@en	'Organization 638'@en	'org_638'@en	Qperson_organization
QIEM_org_639	'Prince'@en	'Organization 639'@en	'org_639'@en	Qperson_organization
QIEM_org_640	'Alexandria'@en	'Organization 640'@en	'org_640'@en	Qperson_organization
QIEM_org_641	'Manuel'@en	'Organization 641'@en	'org_641'@en	Qperson_organization
QIEM_org_642	'Gracelyn'@en	'Organization 642'@en	'org_642'@en	Qperson_organization
QIEM_org_643	'Ali'@en	'Organization 643'@en	'org_643'@en	Qperson_organization
QIEM_org_644	'Gabriela'@en	'Organization 644'@en	'org_644'@en	Qperson_organization
QIEM_org_645	'Gideon'@en	'Organization 645'@en	'org_645'@en	Qperson_organization
QIEM_org_646	'Sutton F'@en	'Organization 646'@en	'org_646'@en	Qperson_organization
QIEM_org_647	'Stephen'@en	'Organization 647'@en	'org_647'@en	Qperson_organization
QIEM_org_648	'Harlow'@en	'Organization 648'@en	'org_648'@en	Qperson_organization
QIEM_org_649	'Ellis M'@en	'Organization 649'@en	'org_649'@en	Qperson_organization
QIEM_org_650	'Madilyn'@en	'Organization 650'@en	'org_650'@en	Qperson_organization
QIEM_org_651	'Orion'@en	'Organization 651'@en	'org_651'@en	Qperson_organization
QIEM_org_652	'Makayla'@en	'Organization 652'@en	'org_652'@en	Qperson_organization
QIEM_org_653	'Rylan M'@en	'Organization 653'@en	'org_653'@en	Qperson_organization
QIEM_org_654	'Evelynn'@en	'Organization 654'@en	'org_654'@en	Qperson_organization
QIEM_org_655	'Eduardo'@en	'Organization 655'@en	'org_655'@en	Qperson_organization
QIEM_org_656	'Gia'@en	'Organization 656'@en	'org_656'@en	Qperson_organization
QIEM_org_657	'Mario'@en	'Organization 657'@en	'org_657'@en	Qperson_organization
QIEM_org_658	'Nina'@en	'Organization 658'@en	'org_658'@en	Qperson_organization
QIEM_org_659	'Rory M'@en	'Organization 659'@en	'org_659'@en	Qperson_organization
QIEM_org_660	'Amina'@en	'Organization 660'@en	'org_660'@en	Qperson_organization
QIEM_org_661	'Cristian'@en	'Organization 661'@en	'org_661'@en	Qperson_organization
QIEM_org_662	'Giselle'@en	'Organization 662'@en	'org_662'@en	Qperson_organization
QIEM_org_663	'Odin'@en	'Organization 663'@en	'org_663'@en	Qperson_organization
QIEM_org_664	'Brynn'@en	'Organization 664'@en	'org_664'@en	Qperson_organization
QIEM_org_665	'Tanner'@en	'Organization 665'@en	'org_665'@en	Qperson_organization
QIEM_org_666	'Blair'@en	'Organization 666'@en	'org_666'@en	Qperson_organization
QIEM_org_667	'Julius'@en	'Organization 667'@en	'org_667'@en	Qperson_organization
QIEM_org_668	'Amari F'@en	'Organization 668'@en	'org_668'@en	Qperson_organization
QIEM_org_669	'Callum'@en	'Organization 669'@en	'org_669'@en	Qperson_organization
QIEM_org_670	'Octavia'@en	'Organization 670'@en	'org_670'@en	Qperson_organization
QIEM_org_671	'Sean'@en	'Organization 671'@en	'org_671'@en	Qperson_organization
QIEM_org_672	'Michelle'@en	'Organization 672'@en	'org_672'@en	Qperson_organization
QIEM_org_673	'Kane'@en	'Organization 673'@en	'org_673'@en	Qperson_organization
QIEM_org_674	'Talia'@en	'Organization 674'@en	'org_674'@en	Qperson_organization
QIEM_org_675	'Ricardo'@en	'Organization 675'@en	'org_675'@en	Qperson_organization
QIEM_org_676	'Demi'@en	'Organization 676'@en	'org_676'@en	Qperson_organization
QIEM_org_677	'Travis'@en	'Organization 677'@en	'org_677'@en	Qperson_organization
QIEM_org_678	'Alaya'@en	'Organization 678'@en	'org_678'@en	Qperson_organization
QIEM_org_679	'Wade'@en	'Organization 679'@en	'org_679'@en	Qperson_organization
QIEM_org_680	'Kaylani'@en	'Organization 680'@en	'org_680'@en	Qperson_organization
QIEM_org_681	'Warren'@en	'Organization 681'@en	'org_681'@en	Qperson_organization
QIEM_org_682	'Izabella'@en	'Organization 682'@en	'org_682'@en	Qperson_organization
QIEM_org_683	'Fernando'@en	'Organization 683'@en	'org_683'@en	Qperson_organization
QIEM_org_684	'Fatima'@en	'Organization 684'@en	'org_684'@en	Qperson_organization
QIEM_org_685	'Titus'@en	'Organization 685'@en	'org_685'@en	Qperson_organization
QIEM_org_686	'Tatum F'@en	'Organization 686'@en	'org_686'@en	Qperson_organization
QIEM_org_687	'Leonel'@en	'Organization 687'@en	'org_687'@en	Qperson_organization
QIEM_org_688	'Makenzie'@en	'Organization 688'@en	'org_688'@en	Qperson_organization
QIEM_org_689	'Edwin'@en	'Organization 689'@en	'org_689'@en	Qperson_organization
QIEM_org_690	'Lilliana'@en	'Organization 690'@en	'org_690'@en	Qperson_organization
QIEM_org_691	'Cairo'@en	'Organization 691'@en	'org_691'@en	Qperson_organization
QIEM_org_692	'Arielle'@en	'Organization 692'@en	'org_692'@en	Qperson_organization
QIEM_org_693	'Corbin'@en	'Organization 693'@en	'org_693'@en	Qperson_organization
QIEM_org_694	'Palmer'@en	'Organization 694'@en	'org_694'@en	Qperson_organization
QIEM_org_695	'Dakota M'@en	'Organization 695'@en	'org_695'@en	Qperson_organization
QIEM_org_696	'Melissa'@en	'Organization 696'@en	'org_696'@en	Qperson_organization
QIEM_org_697	'Ismael'@en	'Organization 697'@en	'org_697'@en	Qperson_organization
QIEM_org_698	'Willa'@en	'Organization 698'@en	'org_698'@en	Qperson_organization
QIEM_org_699	'Colson'@en	'Organization 699'@en	'org_699'@en	Qperson_organization
QIEM_org_700	'Samara'@en	'Organization 700'@en	'org_700'@en	Qperson_organization
QIEM_org_701	'Killian'@en	'Organization 701'@en	'org_701'@en	Qperson_organization
QIEM_org_702	'Destiny'@en	'Organization 702'@en	'org_702'@en	Qperson_organization
QIEM_org_703	'Major'@en	'Organization 703'@en	'org_703'@en	Qperson_organization
QIEM_org_704	'Dahlia'@en	'Organization 704'@en	'org_704'@en	Qperson_organization
QIEM_org_705	'Tate'@en	'Organization 705'@en	'org_705'@en	Qperson_organization
QIEM_org_706	'Celeste'@en	'Organization 706'@en	'org_706'@en	Qperson_organization
QIEM_org_707	'Gianni'@en	'Organization 707'@en	'org_707'@en	Qperson_organization
QIEM_org_708	'Ainsley'@en	'Organization 708'@en	'org_708'@en	Qperson_organization
QIEM_org_709	'Elian'@en	'Organization 709'@en	'org_709'@en	Qperson_organization
QIEM_org_710	'Rylie'@en	'Organization 710'@en	'org_710'@en	Qperson_organization
QIEM_org_711	'Remy M'@en	'Organization 711'@en	'org_711'@en	Qperson_organization
QIEM_org_712	'Reign F'@en	'Organization 712'@en	'org_712'@en	Qperson_organization
QIEM_org_713	'Lawson'@en	'Organization 713'@en	'org_713'@en	Qperson_organization
QIEM_org_714	'Laura'@en	'Organization 714'@en	'org_714'@en	Qperson_organization
QIEM_org_715	'Niko'@en	'Organization 715'@en	'org_715'@en	Qperson_organization
QIEM_org_716	'Adelynn'@en	'Organization 716'@en	'org_716'@en	Qperson_organization
QIEM_org_717	'Nasir'@en	'Organization 717'@en	'org_717'@en	Qperson_organization
QIEM_org_718	'Gabrielle'@en	'Organization 718'@en	'org_718'@en	Qperson_organization
QIEM_org_719	'Kade'@en	'Organization 719'@en	'org_719'@en	Qperson_organization
QIEM_org_720	'Remington F'@en	'Organization 720'@en	'org_720'@en	Qperson_organization
QIEM_org_721	'Armani M'@en	'Organization 721'@en	'org_721'@en	Qperson_organization
QIEM_org_722	'Wren'@en	'Organization 722'@en	'org_722'@en	Qperson_organization
QIEM_org_723	'Ezequiel'@en	'Organization 723'@en	'org_723'@en	Qperson_organization
QIEM_org_724	'Brinley'@en	'Organization 724'@en	'org_724'@en	Qperson_organization
QIEM_org_725	'Marshall'@en	'Organization 725'@en	'org_725'@en	Qperson_organization
QIEM_org_726	'Amora'@en	'Organization 726'@en	'org_726'@en	Qperson_organization
QIEM_org_727	'Hector'@en	'Organization 727'@en	'org_727'@en	Qperson_organization
QIEM_org_728	'Lainey'@en	'Organization 728'@en	'org_728'@en	Qperson_organization
QIEM_org_729	'Desmond'@en	'Organization 729'@en	'org_729'@en	Qperson_organization
QIEM_org_730	'Collins'@en	'Organization 730'@en	'org_730'@en	Qperson_organization
QIEM_org_731	'Kason'@en	'Organization 731'@en	'org_731'@en	Qperson_organization
QIEM_org_732	'Lexi'@en	'Organization 732'@en	'org_732'@en	Qperson_organization
QIEM_org_733	'Garrett'@en	'Organization 733'@en	'org_733'@en	Qperson_organization
QIEM_org_734	'Aitana'@en	'Organization 734'@en	'org_734'@en	Qperson_organization
QIEM_org_735	'Jared'@en	'Organization 735'@en	'org_735'@en	Qperson_organization
QIEM_org_736	'Alessandra'@en	'Organization 736'@en	'org_736'@en	Qperson_organization
QIEM_org_737	'Cyrus'@en	'Organization 737'@en	'org_737'@en	Qperson_organization
QIEM_org_738	'Kenzie'@en	'Organization 738'@en	'org_738'@en	Qperson_organization
QIEM_org_739	'Russell'@en	'Organization 739'@en	'org_739'@en	Qperson_organization
QIEM_org_740	'Raelyn'@en	'Organization 740'@en	'org_740'@en	Qperson_organization
QIEM_org_741	'Cesar'@en	'Organization 741'@en	'org_741'@en	Qperson_organization
QIEM_org_742	'Elle'@en	'Organization 742'@en	'org_742'@en	Qperson_organization
QIEM_org_743	'Tyson'@en	'Organization 743'@en	'org_743'@en	Qperson_organization
QIEM_org_744	'Everlee'@en	'Organization 744'@en	'org_744'@en	Qperson_organization
QIEM_org_745	'Malik'@en	'Organization 745'@en	'org_745'@en	Qperson_organization
QIEM_org_746	'Haisley'@en	'Organization 746'@en	'org_746'@en	Qperson_organization
QIEM_org_747	'Donovan'@en	'Organization 747'@en	'org_747'@en	Qperson_organization
QIEM_org_748	'Hallie'@en	'Organization 748'@en	'org_748'@en	Qperson_organization
QIEM_org_749	'Jaxton'@en	'Organization 749'@en	'org_749'@en	Qperson_organization
QIEM_org_750	'Wynter'@en	'Organization 750'@en	'org_750'@en	Qperson_organization
QIEM_org_751	'Cade'@en	'Organization 751'@en	'org_751'@en	Qperson_organization
QIEM_org_752	'Daleyza'@en	'Organization 752'@en	'org_752'@en	Qperson_organization
QIEM_org_753	'Romeo'@en	'Organization 753'@en	'org_753'@en	Qperson_organization
QIEM_org_754	'Gwendolyn'@en	'Organization 754'@en	'org_754'@en	Qperson_organization
QIEM_org_755	'Nehemiah'@en	'Organization 755'@en	'org_755'@en	Qperson_organization
QIEM_org_756	'Paislee'@en	'Organization 756'@en	'org_756'@en	Qperson_organization
QIEM_org_757	'Sergio'@en	'Organization 757'@en	'org_757'@en	Qperson_organization
QIEM_org_758	'Ariyah'@en	'Organization 758'@en	'org_758'@en	Qperson_organization
QIEM_org_759	'Iker'@en	'Organization 759'@en	'org_759'@en	Qperson_organization
QIEM_org_760	'Veronica'@en	'Organization 760'@en	'org_760'@en	Qperson_organization
QIEM_org_761	'Caiden'@en	'Organization 761'@en	'org_761'@en	Qperson_organization
QIEM_org_762	'Heidi'@en	'Organization 762'@en	'org_762'@en	Qperson_organization
QIEM_org_763	'Jay'@en	'Organization 763'@en	'org_763'@en	Qperson_organization
QIEM_org_764	'Anaya'@en	'Organization 764'@en	'org_764'@en	Qperson_organization
QIEM_org_765	'Pablo'@en	'Organization 765'@en	'org_765'@en	Qperson_organization
QIEM_org_766	'Cataleya'@en	'Organization 766'@en	'org_766'@en	Qperson_organization
QIEM_org_767	'Devin'@en	'Organization 767'@en	'org_767'@en	Qperson_organization
QIEM_org_768	'Kira'@en	'Organization 768'@en	'org_768'@en	Qperson_organization
QIEM_org_769	'Jeffrey'@en	'Organization 769'@en	'org_769'@en	Qperson_organization
QIEM_org_770	'Avianna'@en	'Organization 770'@en	'org_770'@en	Qperson_organization
QIEM_org_771	'Otto'@en	'Organization 771'@en	'org_771'@en	Qperson_organization
QIEM_org_772	'Felicity'@en	'Organization 772'@en	'org_772'@en	Qperson_organization
QIEM_org_773	'Kamari M'@en	'Organization 773'@en	'org_773'@en	Qperson_organization
QIEM_org_774	'Aylin'@en	'Organization 774'@en	'org_774'@en	Qperson_organization
QIEM_org_775	'Ronin'@en	'Organization 775'@en	'org_775'@en	Qperson_organization
QIEM_org_776	'Miracle'@en	'Organization 776'@en	'org_776'@en	Qperson_organization
QIEM_org_777	'Johnny'@en	'Organization 777'@en	'org_777'@en	Qperson_organization
QIEM_org_778	'Sabrina'@en	'Organization 778'@en	'org_778'@en	Qperson_organization
QIEM_org_779	'Clark'@en	'Organization 779'@en	'org_779'@en	Qperson_organization
QIEM_org_780	'Lana'@en	'Organization 780'@en	'org_780'@en	Qperson_organization
QIEM_org_781	'Ari M'@en	'Organization 781'@en	'org_781'@en	Qperson_organization
QIEM_org_782	'Ophelia'@en	'Organization 782'@en	'org_782'@en	Qperson_organization
QIEM_org_783	'Marco'@en	'Organization 783'@en	'org_783'@en	Qperson_organization
QIEM_org_784	'Elianna'@en	'Organization 784'@en	'org_784'@en	Qperson_organization
QIEM_org_785	'Edgar'@en	'Organization 785'@en	'org_785'@en	Qperson_organization
QIEM_org_786	'Royalty'@en	'Organization 786'@en	'org_786'@en	Qperson_organization
QIEM_org_787	'Bowen'@en	'Organization 787'@en	'org_787'@en	Qperson_organization
QIEM_org_788	'Madeleine'@en	'Organization 788'@en	'org_788'@en	Qperson_organization
QIEM_org_789	'Jaiden'@en	'Organization 789'@en	'org_789'@en	Qperson_organization
QIEM_org_790	'Esmeralda'@en	'Organization 790'@en	'org_790'@en	Qperson_organization
QIEM_org_791	'Grady'@en	'Organization 791'@en	'org_791'@en	Qperson_organization
QIEM_org_792	'Joy'@en	'Organization 792'@en	'org_792'@en	Qperson_organization
QIEM_org_793	'Zayne'@en	'Organization 793'@en	'org_793'@en	Qperson_organization
QIEM_org_794	'Kalani'@en	'Organization 794'@en	'org_794'@en	Qperson_organization
QIEM_org_795	'Sullivan'@en	'Organization 795'@en	'org_795'@en	Qperson_organization
QIEM_org_796	'Esme'@en	'Organization 796'@en	'org_796'@en	Qperson_organization
QIEM_org_797	'Jayceon'@en	'Organization 797'@en	'org_797'@en	Qperson_organization
QIEM_org_798	'Jessica'@en	'Organization 798'@en	'org_798'@en	Qperson_organization
QIEM_org_799	'Sterling'@en	'Organization 799'@en	'org_799'@en	Qperson_organization
QIEM_org_800	'Leighton F'@en	'Organization 800'@en	'org_800'@en	Qperson_organization
QIEM_org_801	'Andy'@en	'Organization 801'@en	'org_801'@en	Qperson_organization
QIEM_org_802	'Ariah'@en	'Organization 802'@en	'org_802'@en	Qperson_organization
QIEM_org_803	'Conor'@en	'Organization 803'@en	'org_803'@en	Qperson_organization
QIEM_org_804	'Makenna'@en	'Organization 804'@en	'org_804'@en	Qperson_organization
QIEM_org_805	'Raiden'@en	'Organization 805'@en	'org_805'@en	Qperson_organization
QIEM_org_806	'Nylah'@en	'Organization 806'@en	'org_806'@en	Qperson_organization
QIEM_org_807	'Royal M'@en	'Organization 807'@en	'org_807'@en	Qperson_organization
QIEM_org_808	'Viviana'@en	'Organization 808'@en	'org_808'@en	Qperson_organization
QIEM_org_809	'Royce'@en	'Organization 809'@en	'org_809'@en	Qperson_organization
QIEM_org_810	'Camryn'@en	'Organization 810'@en	'org_810'@en	Qperson_organization
QIEM_org_811	'Solomon'@en	'Organization 811'@en	'org_811'@en	Qperson_organization
QIEM_org_812	'Cassidy'@en	'Organization 812'@en	'org_812'@en	Qperson_organization
QIEM_org_813	'Trevor'@en	'Organization 813'@en	'org_813'@en	Qperson_organization
QIEM_org_814	'Dream'@en	'Organization 814'@en	'org_814'@en	Qperson_organization
QIEM_org_815	'Winston'@en	'Organization 815'@en	'org_815'@en	Qperson_organization
QIEM_org_816	'Luciana'@en	'Organization 816'@en	'org_816'@en	Qperson_organization
QIEM_org_817	'Emanuel'@en	'Organization 817'@en	'org_817'@en	Qperson_organization
QIEM_org_818	'Maisie'@en	'Organization 818'@en	'org_818'@en	Qperson_organization
QIEM_org_819	'Finnegan'@en	'Organization 819'@en	'org_819'@en	Qperson_organization
QIEM_org_820	'Stevie'@en	'Organization 820'@en	'org_820'@en	Qperson_organization
QIEM_org_821	'Pedro'@en	'Organization 821'@en	'org_821'@en	Qperson_organization
QIEM_org_822	'Kate'@en	'Organization 822'@en	'org_822'@en	Qperson_organization
QIEM_org_823	'Luciano'@en	'Organization 823'@en	'org_823'@en	Qperson_organization
QIEM_org_824	'Lyric F'@en	'Organization 824'@en	'org_824'@en	Qperson_organization
QIEM_org_825	'Harvey'@en	'Organization 825'@en	'org_825'@en	Qperson_organization
QIEM_org_826	'Daniella'@en	'Organization 826'@en	'org_826'@en	Qperson_organization
QIEM_org_827	'Franklin'@en	'Organization 827'@en	'org_827'@en	Qperson_organization
QIEM_org_828	'Alicia'@en	'Organization 828'@en	'org_828'@en	Qperson_organization
QIEM_org_829	'Noel'@en	'Organization 829'@en	'org_829'@en	Qperson_organization
QIEM_org_830	'Daphne'@en	'Organization 830'@en	'org_830'@en	Qperson_organization
QIEM_org_831	'Troy'@en	'Organization 831'@en	'org_831'@en	Qperson_organization
QIEM_org_832	'Frances'@en	'Organization 832'@en	'org_832'@en	Qperson_organization
QIEM_org_833	'Princeton'@en	'Organization 833'@en	'org_833'@en	Qperson_organization
QIEM_org_834	'Charli'@en	'Organization 834'@en	'org_834'@en	Qperson_organization
QIEM_org_835	'Johnathan'@en	'Organization 835'@en	'org_835'@en	Qperson_organization
QIEM_org_836	'Raven'@en	'Organization 836'@en	'org_836'@en	Qperson_organization
QIEM_org_837	'Erik'@en	'Organization 837'@en	'org_837'@en	Qperson_organization
QIEM_org_838	'Paris'@en	'Organization 838'@en	'org_838'@en	Qperson_organization
QIEM_org_839	'Fabian'@en	'Organization 839'@en	'org_839'@en	Qperson_organization
QIEM_org_840	'Nayeli'@en	'Organization 840'@en	'org_840'@en	Qperson_organization
QIEM_org_841	'Oakley M'@en	'Organization 841'@en	'org_841'@en	Qperson_organization
QIEM_org_842	'Serena'@en	'Organization 842'@en	'org_842'@en	Qperson_organization
QIEM_org_843	'Rhys'@en	'Organization 843'@en	'org_843'@en	Qperson_organization
QIEM_org_844	'Heaven'@en	'Organization 844'@en	'org_844'@en	Qperson_organization
QIEM_org_845	'Porter'@en	'Organization 845'@en	'org_845'@en	Qperson_organization
QIEM_org_846	'Bianca'@en	'Organization 846'@en	'org_846'@en	Qperson_organization
QIEM_org_847	'Hugo'@en	'Organization 847'@en	'org_847'@en	Qperson_organization
QIEM_org_848	'Helen'@en	'Organization 848'@en	'org_848'@en	Qperson_organization
QIEM_org_849	'Frank'@en	'Organization 849'@en	'org_849'@en	Qperson_organization
QIEM_org_850	'Hattie'@en	'Organization 850'@en	'org_850'@en	Qperson_organization
QIEM_org_851	'Damon'@en	'Organization 851'@en	'org_851'@en	Qperson_organization
QIEM_org_852	'Averie'@en	'Organization 852'@en	'org_852'@en	Qperson_organization
QIEM_org_853	'Kendrick'@en	'Organization 853'@en	'org_853'@en	Qperson_organization
QIEM_org_854	'Mabel'@en	'Organization 854'@en	'org_854'@en	Qperson_organization
QIEM_org_855	'Mathias'@en	'Organization 855'@en	'org_855'@en	Qperson_organization
QIEM_org_856	'Selah'@en	'Organization 856'@en	'org_856'@en	Qperson_organization
QIEM_org_857	'Milan M'@en	'Organization 857'@en	'org_857'@en	Qperson_organization
QIEM_org_858	'Allie'@en	'Organization 858'@en	'org_858'@en	Qperson_organization
QIEM_org_859	'Poyton'@en	'Organization 859'@en	'org_859'@en	Qperson_organization
QIEM_org_860	'Marlee'@en	'Organization 860'@en	'org_860'@en	Qperson_organization
QIEM_org_861	'Wilder'@en	'Organization 861'@en	'org_861'@en	Qperson_organization
QIEM_org_862	'Kinley'@en	'Organization 862'@en	'org_862'@en	Qperson_organization
QIEM_org_863	'Callan'@en	'Organization 863'@en	'org_863'@en	Qperson_organization
QIEM_org_864	'Regina'@en	'Organization 864'@en	'org_864'@en	Qperson_organization
QIEM_org_865	'Gregory'@en	'Organization 865'@en	'org_865'@en	Qperson_organization
QIEM_org_866	'Carmen'@en	'Organization 866'@en	'org_866'@en	Qperson_organization
QIEM_org_867	'Seth'@en	'Organization 867'@en	'org_867'@en	Qperson_organization
QIEM_org_868	'Jennifer'@en	'Organization 868'@en	'org_868'@en	Qperson_organization
QIEM_org_869	'Matthias'@en	'Organization 869'@en	'org_869'@en	Qperson_organization
QIEM_org_870	'Jordan F'@en	'Organization 870'@en	'org_870'@en	Qperson_organization
QIEM_org_871	'Briggs'@en	'Organization 871'@en	'org_871'@en	Qperson_organization
QIEM_org_872	'Alison'@en	'Organization 872'@en	'org_872'@en	Qperson_organization
QIEM_org_873	'Ibrahim'@en	'Organization 873'@en	'org_873'@en	Qperson_organization
QIEM_org_874	'Stephanie'@en	'Organization 874'@en	'org_874'@en	Qperson_organization
QIEM_org_875	'Roberto'@en	'Organization 875'@en	'org_875'@en	Qperson_organization
QIEM_org_876	'Maren'@en	'Organization 876'@en	'org_876'@en	Qperson_organization
QIEM_org_877	'Conner'@en	'Organization 877'@en	'org_877'@en	Qperson_organization
QIEM_org_878	'Kayleigh'@en	'Organization 878'@en	'org_878'@en	Qperson_organization
QIEM_org_879	'Quinn M'@en	'Organization 879'@en	'org_879'@en	Qperson_organization
QIEM_org_880	'Angel F'@en	'Organization 880'@en	'org_880'@en	Qperson_organization
QIEM_org_881	'Kashton'@en	'Organization 881'@en	'org_881'@en	Qperson_organization
QIEM_org_882	'Annalise'@en	'Organization 882'@en	'org_882'@en	Qperson_organization
QIEM_org_883	'Sage M'@en	'Organization 883'@en	'org_883'@en	Qperson_organization
QIEM_org_884	'Jacqueline'@en	'Organization 884'@en	'org_884'@en	Qperson_organization
QIEM_org_885	'Santino'@en	'Organization 885'@en	'org_885'@en	Qperson_organization
QIEM_org_886	'Braelynn'@en	'Organization 886'@en	'org_886'@en	Qperson_organization
QIEM_org_887	'Kolton'@en	'Organization 887'@en	'org_887'@en	Qperson_organization
QIEM_org_888	'Emory F'@en	'Organization 888'@en	'org_888'@en	Qperson_organization
QIEM_org_889	'Alijah'@en	'Organization 889'@en	'org_889'@en	Qperson_organization
QIEM_org_890	'Rosemary'@en	'Organization 890'@en	'org_890'@en	Qperson_organization
QIEM_org_891	'Dominick'@en	'Organization 891'@en	'org_891'@en	Qperson_organization
QIEM_org_892	'Scarlet'@en	'Organization 892'@en	'org_892'@en	Qperson_organization
QIEM_org_893	'Zyaire'@en	'Organization 893'@en	'org_893'@en	Qperson_organization
QIEM_org_894	'Amanda'@en	'Organization 894'@en	'org_894'@en	Qperson_organization
QIEM_org_895	'Apollo'@en	'Organization 895'@en	'org_895'@en	Qperson_organization
QIEM_org_896	'Danielle'@en	'Organization 896'@en	'org_896'@en	Qperson_organization
QIEM_org_897	'Kylo'@en	'Organization 897'@en	'org_897'@en	Qperson_organization
QIEM_org_898	'Emelia'@en	'Organization 898'@en	'org_898'@en	Qperson_organization
QIEM_org_899	'Reed'@en	'Organization 899'@en	'org_899'@en	Qperson_organization
QIEM_org_900	'Ryan F'@en	'Organization 900'@en	'org_900'@en	Qperson_organization
QIEM_org_901	'Philip'@en	'Organization 901'@en	'org_901'@en	Qperson_organization
QIEM_org_902	'Carolina'@en	'Organization 902'@en	'org_902'@en	Qperson_organization
QIEM_org_903	'Kian'@en	'Organization 903'@en	'org_903'@en	Qperson_organization
QIEM_org_904	'Astrid'@en	'Organization 904'@en	'org_904'@en	Qperson_organization
QIEM_org_905	'Shawn'@en	'Organization 905'@en	'org_905'@en	Qperson_organization
QIEM_org_906	'Kensley'@en	'Organization 906'@en	'org_906'@en	Qperson_organization
QIEM_org_907	'Kaison'@en	'Organization 907'@en	'org_907'@en	Qperson_organization
QIEM_org_908	'Shiloh F'@en	'Organization 908'@en	'org_908'@en	Qperson_organization
QIEM_org_909	'Leonidas'@en	'Organization 909'@en	'org_909'@en	Qperson_organization
QIEM_org_910	'Maci'@en	'Organization 910'@en	'org_910'@en	Qperson_organization
QIEM_org_911	'Ayaan'@en	'Organization 911'@en	'org_911'@en	Qperson_organization
QIEM_org_912	'Francesca'@en	'Organization 912'@en	'org_912'@en	Qperson_organization
QIEM_org_913	'Lucca'@en	'Organization 913'@en	'org_913'@en	Qperson_organization
QIEM_org_914	'Rory F'@en	'Organization 914'@en	'org_914'@en	Qperson_organization
QIEM_org_915	'Memphis'@en	'Organization 915'@en	'org_915'@en	Qperson_organization
QIEM_org_916	'Celine'@en	'Organization 916'@en	'org_916'@en	Qperson_organization
QIEM_org_917	'Ford'@en	'Organization 917'@en	'org_917'@en	Qperson_organization
QIEM_org_918	'Kamryn F'@en	'Organization 918'@en	'org_918'@en	Qperson_organization
QIEM_org_919	'Baylor'@en	'Organization 919'@en	'org_919'@en	Qperson_organization
QIEM_org_920	'Zariah'@en	'Organization 920'@en	'org_920'@en	Qperson_organization
QIEM_org_921	'Kyson'@en	'Organization 921'@en	'org_921'@en	Qperson_organization
QIEM_org_922	'Liana'@en	'Organization 922'@en	'org_922'@en	Qperson_organization
QIEM_org_923	'Uriel'@en	'Organization 923'@en	'org_923'@en	Qperson_organization
QIEM_org_924	'Poppy'@en	'Organization 924'@en	'org_924'@en	Qperson_organization
QIEM_org_925	'Allen'@en	'Organization 925'@en	'org_925'@en	Qperson_organization
QIEM_org_926	'Maliyah'@en	'Organization 926'@en	'org_926'@en	Qperson_organization
QIEM_org_927	'Collin'@en	'Organization 927'@en	'org_927'@en	Qperson_organization
QIEM_org_928	'Keira'@en	'Organization 928'@en	'org_928'@en	Qperson_organization
QIEM_org_929	'Ruben'@en	'Organization 929'@en	'org_929'@en	Qperson_organization
QIEM_org_930	'Skyler F'@en	'Organization 930'@en	'org_930'@en	Qperson_organization
QIEM_org_931	'Archie'@en	'Organization 931'@en	'org_931'@en	Qperson_organization
QIEM_org_932	'Noa'@en	'Organization 932'@en	'org_932'@en	Qperson_organization
QIEM_org_933	'Dalton'@en	'Organization 933'@en	'org_933'@en	Qperson_organization
QIEM_org_934	'Skye'@en	'Organization 934'@en	'org_934'@en	Qperson_organization
QIEM_org_935	'Esteban'@en	'Organization 935'@en	'org_935'@en	Qperson_organization
QIEM_org_936	'Nadia'@en	'Organization 936'@en	'org_936'@en	Qperson_organization
QIEM_org_937	'Adan'@en	'Organization 937'@en	'org_937'@en	Qperson_organization
QIEM_org_938	'Addilyn'@en	'Organization 938'@en	'org_938'@en	Qperson_organization
QIEM_org_939	'Forrest'@en	'Organization 939'@en	'org_939'@en	Qperson_organization
QIEM_org_940	'Rosie'@en	'Organization 940'@en	'org_940'@en	Qperson_organization
QIEM_org_941	'Alonzo'@en	'Organization 941'@en	'org_941'@en	Qperson_organization
QIEM_org_942	'Eve'@en	'Organization 942'@en	'org_942'@en	Qperson_organization
QIEM_org_943	'Isaias'@en	'Organization 943'@en	'org_943'@en	Qperson_organization
QIEM_org_944	'Sarai'@en	'Organization 944'@en	'org_944'@en	Qperson_organization
QIEM_org_945	'Leland'@en	'Organization 945'@en	'org_945'@en	Qperson_organization
QIEM_org_946	'Edith'@en	'Organization 946'@en	'org_946'@en	Qperson_organization
QIEM_org_947	'Jase'@en	'Organization 947'@en	'org_947'@en	Qperson_organization
QIEM_org_948	'Jolene'@en	'Organization 948'@en	'org_948'@en	Qperson_organization
QIEM_org_949	'Dax'@en	'Organization 949'@en	'org_949'@en	Qperson_organization
QIEM_org_950	'Maddison'@en	'Organization 950'@en	'org_950'@en	Qperson_organization
QIEM_org_951	'Kasen'@en	'Organization 951'@en	'org_951'@en	Qperson_organization
QIEM_org_952	'Meadow'@en	'Organization 952'@en	'org_952'@en	Qperson_organization
QIEM_org_953	'Gage'@en	'Organization 953'@en	'org_953'@en	Qperson_organization
QIEM_org_954	'Charleigh'@en	'Organization 954'@en	'org_954'@en	Qperson_organization
QIEM_org_955	'Kamden'@en	'Organization 955'@en	'org_955'@en	Qperson_organization
QIEM_org_956	'Matilda'@en	'Organization 956'@en	'org_956'@en	Qperson_organization
QIEM_org_957	'Marcos'@en	'Organization 957'@en	'org_957'@en	Qperson_organization
QIEM_org_958	'Elliott F'@en	'Organization 958'@en	'org_958'@en	Qperson_organization
QIEM_org_959	'Jamison'@en	'Organization 959'@en	'org_959'@en	Qperson_organization
QIEM_org_960	'Madelynn'@en	'Organization 960'@en	'org_960'@en	Qperson_organization
QIEM_org_961	'Francis'@en	'Organization 961'@en	'org_961'@en	Qperson_organization
QIEM_org_962	'Holly'@en	'Organization 962'@en	'org_962'@en	Qperson_organization
QIEM_org_963	'Hank'@en	'Organization 963'@en	'org_963'@en	Qperson_organization
QIEM_org_964	'Leona'@en	'Organization 964'@en	'org_964'@en	Qperson_organization
QIEM_org_965	'Alexis M'@en	'Organization 965'@en	'org_965'@en	Qperson_organization
QIEM_org_966	'Azalea'@en	'Organization 966'@en	'org_966'@en	Qperson_organization
QIEM_org_967	'Tripp'@en	'Organization 967'@en	'org_967'@en	Qperson_organization
QIEM_org_968	'Katie'@en	'Organization 968'@en	'org_968'@en	Qperson_organization
QIEM_org_969	'Frederick'@en	'Organization 969'@en	'org_969'@en	Qperson_organization
QIEM_org_970	'Mira'@en	'Organization 970'@en	'org_970'@en	Qperson_organization
QIEM_org_971	'Jonas'@en	'Organization 971'@en	'org_971'@en	Qperson_organization
QIEM_org_972	'Ari F'@en	'Organization 972'@en	'org_972'@en	Qperson_organization
QIEM_org_973	'Stetson'@en	'Organization 973'@en	'org_973'@en	Qperson_organization
QIEM_org_974	'Kaitlyn'@en	'Organization 974'@en	'org_974'@en	Qperson_organization
QIEM_org_975	'Cassius'@en	'Organization 975'@en	'org_975'@en	Qperson_organization
QIEM_org_976	'Danna'@en	'Organization 976'@en	'org_976'@en	Qperson_organization
QIEM_org_977	'Izaiah'@en	'Organization 977'@en	'org_977'@en	Qperson_organization
QIEM_org_978	'Cameron F'@en	'Organization 978'@en	'org_978'@en	Qperson_organization
QIEM_org_20000	'Eden'@en	'Organization 20000'@en	'org_20000'@en	Qperson_organization
QIEM_org_20001	'Kyla'@en	'Organization 20001'@en	'org_20001'@en	Qperson_organization
QIEM_org_979	'Maximilian'@en	'Organization 979'@en	'org_979'@en	Qperson_organization
QIEM_org_980	'Bristol'@en	'Organization 980'@en	'org_980'@en	Qperson_organization
QIEM_org_981	'Rocco'@en	'Organization 981'@en	'org_981'@en	Qperson_organization
QIEM_org_982	'Kora'@en	'Organization 982'@en	'org_982'@en	Qperson_organization
QIEM_org_983	'Tatum M'@en	'Organization 983'@en	'org_983'@en	Qperson_organization
QIEM_org_984	'Armani F'@en	'Organization 984'@en	'org_984'@en	Qperson_organization
QIEM_org_985	'Keegan'@en	'Organization 985'@en	'org_985'@en	Qperson_organization
QIEM_org_986	'Nia'@en	'Organization 986'@en	'org_986'@en	Qperson_organization
QIEM_org_987	'Aziel'@en	'Organization 987'@en	'org_987'@en	Qperson_organization
QIEM_org_988	'Malani'@en	'Organization 988'@en	'org_988'@en	Qperson_organization
QIEM_org_989	'Moses'@en	'Organization 989'@en	'org_989'@en	Qperson_organization
QIEM_org_990	'Dylan F'@en	'Organization 990'@en	'org_990'@en	Qperson_organization
QIEM_org_991	'Bruce'@en	'Organization 991'@en	'org_991'@en	Qperson_organization
QIEM_org_992	'Remy F'@en	'Organization 992'@en	'org_992'@en	Qperson_organization
QIEM_org_993	'Lewis'@en	'Organization 993'@en	'org_993'@en	Qperson_organization
QIEM_org_994	'Maia'@en	'Organization 994'@en	'org_994'@en	Qperson_organization
QIEM_org_995	'Braylen'@en	'Organization 995'@en	'org_995'@en	Qperson_organization
QIEM_org_996	'Dior F'@en	'Organization 996'@en	'org_996'@en	Qperson_organization
QIEM_org_997	'Omari'@en	'Organization 997'@en	'org_997'@en	Qperson_organization
QIEM_org_998	'Legacy F'@en	'Organization 998'@en	'org_998'@en	Qperson_organization
QIEM_org_999	'Mack'@en	'Organization 999'@en	'org_999'@en	Qperson_organization
QIEM_org_1000	'Alessia'@en	'Organization 1000'@en	'org_1000'@en	Qperson_organization
QIEM_org_1001	'Augustus'@en	'Organization 1001'@en	'org_1001'@en	Qperson_organization
QIEM_org_1002	'Shelby'@en	'Organization 1002'@en	'org_1002'@en	Qperson_organization
QIEM_org_1003	'Enrique'@en	'Organization 1003'@en	'org_1003'@en	Qperson_organization
QIEM_org_1004	'Maryam'@en	'Organization 1004'@en	'org_1004'@en	Qperson_organization
QIEM_org_1005	'Armando'@en	'Organization 1005'@en	'org_1005'@en	Qperson_organization
QIEM_org_1006	'Sylvia'@en	'Organization 1006'@en	'org_1006'@en	Qperson_organization
QIEM_org_1007	'Pierce'@en	'Organization 1007'@en	'org_1007'@en	Qperson_organization
QIEM_org_1008	'Yaretzi'@en	'Organization 1008'@en	'org_1008'@en	Qperson_organization
QIEM_org_1009	'Moises'@en	'Organization 1009'@en	'org_1009'@en	Qperson_organization
QIEM_org_1010	'Lorelei'@en	'Organization 1010'@en	'org_1010'@en	Qperson_organization
QIEM_org_1011	'Asa'@en	'Organization 1011'@en	'org_1011'@en	Qperson_organization
QIEM_org_1012	'Madilynn'@en	'Organization 1012'@en	'org_1012'@en	Qperson_organization
QIEM_org_1013	'Shane'@en	'Organization 1013'@en	'org_1013'@en	Qperson_organization
QIEM_org_1014	'Abby'@en	'Organization 1014'@en	'org_1014'@en	Qperson_organization
QIEM_org_1015	'Emmitt'@en	'Organization 1015'@en	'org_1015'@en	Qperson_organization
QIEM_org_1016	'Helena'@en	'Organization 1016'@en	'org_1016'@en	Qperson_organization
QIEM_org_1017	'Soren'@en	'Organization 1017'@en	'org_1017'@en	Qperson_organization
QIEM_org_1018	'Jimena'@en	'Organization 1018'@en	'org_1018'@en	Qperson_organization
QIEM_org_1019	'Dorian'@en	'Organization 1019'@en	'org_1019'@en	Qperson_organization
QIEM_org_1020	'Elisa'@en	'Organization 1020'@en	'org_1020'@en	Qperson_organization
QIEM_org_1021	'Keanu'@en	'Organization 1021'@en	'org_1021'@en	Qperson_organization
QIEM_org_1022	'Renata'@en	'Organization 1022'@en	'org_1022'@en	Qperson_organization
QIEM_org_1023	'Zaiden'@en	'Organization 1023'@en	'org_1023'@en	Qperson_organization
QIEM_org_1024	'Amber'@en	'Organization 1024'@en	'org_1024'@en	Qperson_organization
QIEM_org_1025	'Raphael'@en	'Organization 1025'@en	'org_1025'@en	Qperson_organization
QIEM_org_1026	'Aviana'@en	'Organization 1026'@en	'org_1026'@en	Qperson_organization
QIEM_org_1027	'Deacon'@en	'Organization 1027'@en	'org_1027'@en	Qperson_organization
QIEM_org_1028	'Carter F'@en	'Organization 1028'@en	'org_1028'@en	Qperson_organization
QIEM_org_1029	'Abdiel'@en	'Organization 1029'@en	'org_1029'@en	Qperson_organization
QIEM_org_1030	'Emmy'@en	'Organization 1030'@en	'org_1030'@en	Qperson_organization
QIEM_org_1031	'Kieran'@en	'Organization 1031'@en	'org_1031'@en	Qperson_organization
QIEM_org_1032	'Haley'@en	'Organization 1032'@en	'org_1032'@en	Qperson_organization
QIEM_org_1033	'Phillip'@en	'Organization 1033'@en	'org_1033'@en	Qperson_organization
QIEM_org_1034	'Alondra'@en	'Organization 1034'@en	'org_1034'@en	Qperson_organization
QIEM_org_1035	'Ryland'@en	'Organization 1035'@en	'org_1035'@en	Qperson_organization
QIEM_org_1036	'Elaine'@en	'Organization 1036'@en	'org_1036'@en	Qperson_organization
QIEM_org_1037	'Zachariah'@en	'Organization 1037'@en	'org_1037'@en	Qperson_organization
QIEM_org_1038	'Erin'@en	'Organization 1038'@en	'org_1038'@en	Qperson_organization
QIEM_org_1039	'Casey'@en	'Organization 1039'@en	'org_1039'@en	Qperson_organization
QIEM_org_1040	'April'@en	'Organization 1040'@en	'org_1040'@en	Qperson_organization
QIEM_org_1041	'Zaire'@en	'Organization 1041'@en	'org_1041'@en	Qperson_organization
QIEM_org_1042	'Emely'@en	'Organization 1042'@en	'org_1042'@en	Qperson_organization
QIEM_org_1043	'Albert'@en	'Organization 1043'@en	'org_1043'@en	Qperson_organization
QIEM_org_1044	'Imani'@en	'Organization 1044'@en	'org_1044'@en	Qperson_organization
QIEM_org_1045	'Baker'@en	'Organization 1045'@en	'org_1045'@en	Qperson_organization
QIEM_org_1046	'Kennedi'@en	'Organization 1046'@en	'org_1046'@en	Qperson_organization
QIEM_org_1047	'Corey'@en	'Organization 1047'@en	'org_1047'@en	Qperson_organization
QIEM_org_1048	'Lorelai'@en	'Organization 1048'@en	'org_1048'@en	Qperson_organization
QIEM_org_1049	'Kylan'@en	'Organization 1049'@en	'org_1049'@en	Qperson_organization
QIEM_org_1050	'Hanna'@en	'Organization 1050'@en	'org_1050'@en	Qperson_organization
QIEM_org_1051	'Denver M'@en	'Organization 1051'@en	'org_1051'@en	Qperson_organization
QIEM_org_1052	'Kelsey'@en	'Organization 1052'@en	'org_1052'@en	Qperson_organization
QIEM_org_1053	'Gunnar'@en	'Organization 1053'@en	'org_1053'@en	Qperson_organization
QIEM_org_1054	'Aurelia'@en	'Organization 1054'@en	'org_1054'@en	Qperson_organization
QIEM_org_1055	'Jayson'@en	'Organization 1055'@en	'org_1055'@en	Qperson_organization
QIEM_org_1056	'Colette'@en	'Organization 1056'@en	'org_1056'@en	Qperson_organization
QIEM_org_1057	'Drew M'@en	'Organization 1057'@en	'org_1057'@en	Qperson_organization
QIEM_org_1058	'Jaliyah'@en	'Organization 1058'@en	'org_1058'@en	Qperson_organization
QIEM_org_1059	'Callen'@en	'Organization 1059'@en	'org_1059'@en	Qperson_organization
QIEM_org_1060	'Kylee'@en	'Organization 1060'@en	'org_1060'@en	Qperson_organization
QIEM_org_1061	'Jasiah'@en	'Organization 1061'@en	'org_1061'@en	Qperson_organization
QIEM_org_1062	'Macie'@en	'Organization 1062'@en	'org_1062'@en	Qperson_organization
QIEM_org_1063	'Drake'@en	'Organization 1063'@en	'org_1063'@en	Qperson_organization
QIEM_org_1064	'Aisha'@en	'Organization 1064'@en	'org_1064'@en	Qperson_organization
QIEM_org_1065	'Kannon'@en	'Organization 1065'@en	'org_1065'@en	Qperson_organization
QIEM_org_1066	'Dorothy'@en	'Organization 1066'@en	'org_1066'@en	Qperson_organization
QIEM_org_1067	'Braylon'@en	'Organization 1067'@en	'org_1067'@en	Qperson_organization
QIEM_org_1068	'Charley'@en	'Organization 1068'@en	'org_1068'@en	Qperson_organization
QIEM_org_1069	'Sonny'@en	'Organization 1069'@en	'org_1069'@en	Qperson_organization
QIEM_org_1070	'Kathryn'@en	'Organization 1070'@en	'org_1070'@en	Qperson_organization
QIEM_org_1071	'Bo'@en	'Organization 1071'@en	'org_1071'@en	Qperson_organization
QIEM_org_1072	'Adelina'@en	'Organization 1072'@en	'org_1072'@en	Qperson_organization
QIEM_org_1073	'Moshe'@en	'Organization 1073'@en	'org_1073'@en	Qperson_organization
QIEM_org_1074	'Adley'@en	'Organization 1074'@en	'org_1074'@en	Qperson_organization
QIEM_org_1075	'Huxley'@en	'Organization 1075'@en	'org_1075'@en	Qperson_organization
QIEM_org_1076	'Monroe'@en	'Organization 1076'@en	'org_1076'@en	Qperson_organization
QIEM_org_1077	'Quentin'@en	'Organization 1077'@en	'org_1077'@en	Qperson_organization
QIEM_org_1078	'Sierra'@en	'Organization 1078'@en	'org_1078'@en	Qperson_organization
QIEM_org_1079	'Rowen'@en	'Organization 1079'@en	'org_1079'@en	Qperson_organization
QIEM_org_1080	'Ailani'@en	'Organization 1080'@en	'org_1080'@en	Qperson_organization
QIEM_org_1081	'Santana'@en	'Organization 1081'@en	'org_1081'@en	Qperson_organization
QIEM_org_1082	'Miranda'@en	'Organization 1082'@en	'org_1082'@en	Qperson_organization
QIEM_org_1083	'Cannon'@en	'Organization 1083'@en	'org_1083'@en	Qperson_organization
QIEM_org_1084	'Mikayla'@en	'Organization 1084'@en	'org_1084'@en	Qperson_organization
QIEM_org_1085	'Kenzo'@en	'Organization 1085'@en	'org_1085'@en	Qperson_organization
QIEM_org_1086	'Alejandra'@en	'Organization 1086'@en	'org_1086'@en	Qperson_organization
QIEM_org_1087	'Wells'@en	'Organization 1087'@en	'org_1087'@en	Qperson_organization
QIEM_org_1088	'Amirah'@en	'Organization 1088'@en	'org_1088'@en	Qperson_organization
QIEM_org_1089	'Julio'@en	'Organization 1089'@en	'org_1089'@en	Qperson_organization
QIEM_org_1090	'Jada'@en	'Organization 1090'@en	'org_1090'@en	Qperson_organization
QIEM_org_1091	'Nikolai'@en	'Organization 1091'@en	'org_1091'@en	Qperson_organization
QIEM_org_1092	'Jazlyn'@en	'Organization 1092'@en	'org_1092'@en	Qperson_organization
QIEM_org_1093	'Conrad'@en	'Organization 1093'@en	'org_1093'@en	Qperson_organization
QIEM_org_1094	'Jenna'@en	'Organization 1094'@en	'org_1094'@en	Qperson_organization
QIEM_org_1095	'Jalen'@en	'Organization 1095'@en	'org_1095'@en	Qperson_organization
QIEM_org_1096	'Jayleen'@en	'Organization 1096'@en	'org_1096'@en	Qperson_organization
QIEM_org_1097	'Makai'@en	'Organization 1097'@en	'org_1097'@en	Qperson_organization
QIEM_org_1098	'Beatrice'@en	'Organization 1098'@en	'org_1098'@en	Qperson_organization
QIEM_org_1099	'Benson'@en	'Organization 1099'@en	'org_1099'@en	Qperson_organization
QIEM_org_1100	'Kendra'@en	'Organization 1100'@en	'org_1100'@en	Qperson_organization
QIEM_org_1101	'Derrick'@en	'Organization 1101'@en	'org_1101'@en	Qperson_organization
QIEM_org_1102	'Lyra'@en	'Organization 1102'@en	'org_1102'@en	Qperson_organization
QIEM_org_1103	'Gerardo'@en	'Organization 1103'@en	'org_1103'@en	Qperson_organization
QIEM_org_1104	'Nola'@en	'Organization 1104'@en	'org_1104'@en	Qperson_organization
QIEM_org_1105	'Davis'@en	'Organization 1105'@en	'org_1105'@en	Qperson_organization
QIEM_org_1106	'Emberly'@en	'Organization 1106'@en	'org_1106'@en	Qperson_organization
QIEM_org_1107	'Abram'@en	'Organization 1107'@en	'org_1107'@en	Qperson_organization
QIEM_org_1108	'Mckinley'@en	'Organization 1108'@en	'org_1108'@en	Qperson_organization
QIEM_org_1109	'Mohamed'@en	'Organization 1109'@en	'org_1109'@en	Qperson_organization
QIEM_org_1110	'Myra'@en	'Organization 1110'@en	'org_1110'@en	Qperson_organization
QIEM_org_1111	'Ronald'@en	'Organization 1111'@en	'org_1111'@en	Qperson_organization
QIEM_org_1112	'Katalina'@en	'Organization 1112'@en	'org_1112'@en	Qperson_organization
QIEM_org_1113	'Raul'@en	'Organization 1113'@en	'org_1113'@en	Qperson_organization
QIEM_org_1114	'Antonella'@en	'Organization 1114'@en	'org_1114'@en	Qperson_organization
QIEM_org_1115	'Arjun'@en	'Organization 1115'@en	'org_1115'@en	Qperson_organization
QIEM_org_1116	'Zelda'@en	'Organization 1116'@en	'org_1116'@en	Qperson_organization
QIEM_org_1117	'Dexter'@en	'Organization 1117'@en	'org_1117'@en	Qperson_organization
QIEM_org_1118	'Alanna'@en	'Organization 1118'@en	'org_1118'@en	Qperson_organization
QIEM_org_1119	'Kaysen'@en	'Organization 1119'@en	'org_1119'@en	Qperson_organization
QIEM_org_1120	'Amaia'@en	'Organization 1120'@en	'org_1120'@en	Qperson_organization
QIEM_org_1121	'Jaime'@en	'Organization 1121'@en	'org_1121'@en	Qperson_organization
QIEM_org_1122	'Priscilla'@en	'Organization 1122'@en	'org_1122'@en	Qperson_organization
QIEM_org_1123	'Scott'@en	'Organization 1123'@en	'org_1123'@en	Qperson_organization
QIEM_org_1124	'Briar F'@en	'Organization 1124'@en	'org_1124'@en	Qperson_organization
QIEM_org_1125	'Lawrence'@en	'Organization 1125'@en	'org_1125'@en	Qperson_organization
QIEM_org_1126	'Kaliyah'@en	'Organization 1126'@en	'org_1126'@en	Qperson_organization
QIEM_org_1127	'Ariel M'@en	'Organization 1127'@en	'org_1127'@en	Qperson_organization
QIEM_org_1128	'Itzel'@en	'Organization 1128'@en	'org_1128'@en	Qperson_organization
QIEM_org_1129	'Skyler M'@en	'Organization 1129'@en	'org_1129'@en	Qperson_organization
QIEM_org_1130	'Oaklyn'@en	'Organization 1130'@en	'org_1130'@en	Qperson_organization
QIEM_org_1131	'Danny'@en	'Organization 1131'@en	'org_1131'@en	Qperson_organization
QIEM_org_1132	'Alma'@en	'Organization 1132'@en	'org_1132'@en	Qperson_organization
QIEM_org_1133	'Roland'@en	'Organization 1133'@en	'org_1133'@en	Qperson_organization
QIEM_org_1134	'Mallory'@en	'Organization 1134'@en	'org_1134'@en	Qperson_organization
QIEM_org_1135	'Chandler M'@en	'Organization 1135'@en	'org_1135'@en	Qperson_organization
QIEM_org_1136	'Novah'@en	'Organization 1136'@en	'org_1136'@en	Qperson_organization
QIEM_org_1137	'Yusuf'@en	'Organization 1137'@en	'org_1137'@en	Qperson_organization
QIEM_org_1138	'Amalia'@en	'Organization 1138'@en	'org_1138'@en	Qperson_organization
QIEM_org_1139	'Samson'@en	'Organization 1139'@en	'org_1139'@en	Qperson_organization
QIEM_org_1140	'Fernanda'@en	'Organization 1140'@en	'org_1140'@en	Qperson_organization
QIEM_org_1141	'Case'@en	'Organization 1141'@en	'org_1141'@en	Qperson_organization
QIEM_org_1142	'Alia'@en	'Organization 1142'@en	'org_1142'@en	Qperson_organization
QIEM_org_1143	'Zain'@en	'Organization 1143'@en	'org_1143'@en	Qperson_organization
QIEM_org_1144	'Angelica'@en	'Organization 1144'@en	'org_1144'@en	Qperson_organization
QIEM_org_1145	'Roy'@en	'Organization 1145'@en	'org_1145'@en	Qperson_organization
QIEM_org_1146	'Elliot F'@en	'Organization 1146'@en	'org_1146'@en	Qperson_organization
QIEM_org_1147	'Rodrigo'@en	'Organization 1147'@en	'org_1147'@en	Qperson_organization
QIEM_org_1148	'Justice F'@en	'Organization 1148'@en	'org_1148'@en	Qperson_organization
QIEM_org_1149	'Sutton M'@en	'Organization 1149'@en	'org_1149'@en	Qperson_organization
QIEM_org_1150	'Mae'@en	'Organization 1150'@en	'org_1150'@en	Qperson_organization
